{"eval/loss_nl":0.059066937219747255,"total_flos":1.7909335719936e+14,"eval/loss":0.029626206229379747,"eval/nl_follows_either":1,"train_size":147936,"eval/nl_follows_nl":1,"train_runtime":191.7391,"train/global_step":2312,"eval/nl_follows_fr":0,"nl_train_pct":40.00040558079169,"eval/nl_avg_fr":0,"eval/fr_follows_either":1,"_runtime":240,"eval/fr_follows_nl":0,"eval/runtime":1.2443,"train/learning_rate":2.5399296167372132e-08,"train/epoch":1,"eval/fr_follows_fr":1,"eval/samples_per_second":2632.782,"_timestamp":1.7716405398357716e+09,"fr_train_samples":88761,"train/grad_norm":0.0024522722233086824,"eval/loss_fr":0.00018547484463578835,"train/loss":0.0006,"_step":2300,"test_size":29476,"eval/steps_per_second":164.75,"val_size":3276,"_wandb":{"runtime":240},"eval/tok_acc":0.9945927088784232,"nl_train_samples":59175,"eval/fr_avg_fr":1,"train_steps_per_second":12.058,"train_samples_per_second":771.549,"eval/fr_avg_nl":0,"train_loss":0.18460939322383976,"fr_train_pct":59.9995944192083,"eval/exact_match":0.9621489621489622,"eval/nl_avg_nl":1}