{"eval/exact_match":0,"train/grad_norm":0.2904362380504608,"_step":2200,"train/learning_rate":1.0654055302428135e-10,"train_loss":0.2399819952583313,"eval/runtime":1.0906,"eval/samples_per_second":4766.33,"train_runtime":6181.7292,"eval/loss":0.3669320046901703,"_runtime":6181.170231337,"eval/steps_per_second":298.01,"_timestamp":1.746347070606055e+09,"eval/token_accuracy":0,"_wandb":{"runtime":6182},"train/loss":0.2357,"train/global_step":200000,"train_samples_per_second":2070.618,"total_flos":1.9364236204032e+16,"train_steps_per_second":32.353,"train/epoch":615.3846153846154}