{"train_runtime":6270.8626,"_timestamp":1.7463471597424061e+09,"train_samples_per_second":2041.186,"train/loss":0.2193,"train/learning_rate":8.881736346388892e-11,"eval/loss":0.36697179079055786,"train_loss":0.22307696122169496,"total_flos":1.9364236204032e+16,"_runtime":6270.300396559,"eval/exact_match":0,"train/grad_norm":0.2759370505809784,"_wandb":{"runtime":6271},"_step":2200,"eval/token_accuracy":0,"eval/runtime":1.1121,"train_steps_per_second":31.894,"train/global_step":200000,"eval/steps_per_second":292.227,"train/epoch":615.3846153846154,"eval/samples_per_second":4673.831}