{"eval/samples_per_second":3207.368,"train/grad_norm":0.1135934367775917,"eval/loss":1.6342177391052246,"_wandb":{"runtime":8479},"train/learning_rate":8.881736346388892e-11,"train/global_step":200000,"train_samples_per_second":1509.299,"train_runtime":8480.7589,"_step":2200,"eval/exact_match":0,"eval/token_accuracy":0,"train/loss":0.1471,"_runtime":8478.32582973,"eval/steps_per_second":200.538,"train_steps_per_second":23.583,"eval/runtime":1.6206,"_timestamp":1.7463792206041825e+09,"train_loss":0.1481774007177353,"train/epoch":615.3846153846154,"total_flos":1.9364236204032e+16}