{"_runtime":310.241425225,"eval/loss":1.8579936027526855,"eval/samples_per_second":2861.652,"train_runtime":310.7966,"total_flos":5.809311719424e+14,"_step":66,"eval/token_accuracy":0,"eval/exact_match":0,"eval/runtime":1.8164,"_timestamp":1.7463404566894479e+09,"train/global_step":6000,"train/loss":0.1485,"train_samples_per_second":41184.493,"train/learning_rate":0.00019979876826701015,"train_steps_per_second":643.508,"eval/steps_per_second":178.922,"train_loss":0.1748887178103129,"_wandb":{"runtime":312},"train/epoch":18.46153846153846,"train/grad_norm":0.17203710973262787}