{"train_steps_per_second":23.988,"_step":2200,"train/learning_rate":9.094464976655559e-11,"train_loss":0.2569941874885559,"train/global_step":200000,"eval/samples_per_second":3408.629,"eval/token_accuracy":0,"eval/exact_match":0,"train/loss":0.2522,"train/epoch":615.3846153846154,"total_flos":1.9364236204032e+16,"eval/runtime":1.525,"_timestamp":1.7463593274666438e+09,"train/grad_norm":0.28730541467666626,"_wandb":{"runtime":8336},"train_samples_per_second":1535.24,"train_runtime":8337.4609,"eval/steps_per_second":213.121,"eval/loss":0.3653157651424408,"_runtime":8335.805559055}