{"train_samples_per_second":2059.685,"eval/loss":0.3685181140899658,"eval/steps_per_second":295.702,"train/grad_norm":0.32321226596832275,"eval/exact_match":0,"train_runtime":6214.5437,"_timestamp":1.7463471034252908e+09,"train_loss":0.20631900261878966,"eval/samples_per_second":4729.408,"_wandb":{"runtime":6215},"train_steps_per_second":32.183,"_step":2200,"train/loss":0.2013,"eval/token_accuracy":0,"_runtime":6213.98924474,"train/global_step":200000,"train/epoch":615.3846153846154,"eval/runtime":1.0991,"total_flos":1.9364236204032e+16,"train/learning_rate":9.97055446760875e-11}