{"eval/fr_avg_fr":0.9775132275132276,"eval/fr_follows_either":0.054334554334554336,"train_steps_per_second":11.544,"train/learning_rate":2.5399296167372132e-08,"eval/nl_avg_fr":0,"fr_train_samples":2219,"train_loss":0.15807214204385509,"nl_train_pct":98.50002703871945,"train/epoch":1,"train_samples_per_second":738.632,"fr_train_pct":1.4999729612805537,"nl_train_samples":145717,"eval/steps_per_second":162.786,"eval/nl_follows_nl":1,"test_size":29476,"eval/nl_avg_nl":1,"total_flos":1.7909335719936e+14,"eval/nl_follows_fr":0,"_wandb":{"runtime":252},"eval/tok_acc":0.8896738182452468,"eval/samples_per_second":2601.394,"eval/loss_fr":1.057654999551319,"train_runtime":200.2837,"train/grad_norm":0.007508271839469671,"train/global_step":2312,"val_size":3276,"train/loss":0.0005,"eval/exact_match":0.503968253968254,"_runtime":252,"eval/fr_avg_nl":0.022486772486772486,"eval/nl_follows_either":1,"eval/loss_nl":0.00013606687856329802,"_step":2300,"train_size":147936,"_timestamp":1.7716181233001907e+09,"eval/loss":0.5288955261419107,"eval/fr_follows_fr":0.054334554334554336,"eval/runtime":1.2593,"eval/fr_follows_nl":0}