{"test_size":29476,"train_steps_per_second":11.881,"nl_train_pct":98.00048669695003,"train/loss":0.0006,"eval/nl_follows_fr":0,"train/learning_rate":2.5399296167372132e-08,"_step":2300,"_wandb":{"runtime":252},"eval/runtime":1.2613,"eval/loss_nl":0.0001496879047539622,"eval/nl_follows_nl":1,"train/grad_norm":0.001805284060537815,"train_samples_per_second":760.237,"nl_train_samples":144978,"fr_train_pct":1.9995133030499674,"_timestamp":1.771619310741878e+09,"eval/exact_match":0.5305250305250305,"eval/samples_per_second":2597.248,"eval/fr_avg_fr":0.7752340252340252,"eval/loss":0.7065823900903392,"eval/steps_per_second":162.526,"_runtime":252,"eval/fr_follows_nl":0.4249084249084249,"eval/nl_avg_fr":0,"eval/fr_follows_either":0.8821733821733821,"eval/fr_follows_fr":0.45726495726495725,"train_loss":0.1634575279570945,"fr_train_samples":2958,"eval/loss_fr":1.4130151577484913,"train/epoch":1,"train_runtime":194.5918,"eval/nl_avg_nl":1,"eval/fr_avg_nl":0.22476597476597474,"train_size":147936,"val_size":3276,"eval/tok_acc":0.9215506715506715,"eval/nl_follows_either":1,"train/global_step":2312,"total_flos":1.7909335719936e+14}