{
  "fr_exact": 0.0,
  "fr_avg_fr": 0.7621863684086477,
  "fr_avg_nl": 0.23781363159135221,
  "fr_part_final": 0.0,
  "fr_orientation": 0.857311821045189,
  "fr_lexical_score": 0.7621863684086477,
  "fr_pct_expected_len": 1.0,
  "fr_verb_lang": 1.0,
  "fr_verb_choice": 1.0,
  "fr_aux_form": 0.9806517966188854,
  "fr_det_lang": 0.5731182104518866,
  "fr_det_agreement": 1.0,
  "fr_follows_fr": 1.0,
  "fr_follows_nl": 0.0,
  "fr_follows_either": 1.0,
  "fr_keeps_ablated": 1.0,
  "fr_aux_matches_input": 1.0,
  "fr_aux_matches_verb": 1.0,
  "nl_exact": 0.0,
  "nl_avg_fr": 0.4921685843457393,
  "nl_avg_nl": 0.5078314156542607,
  "nl_part_final": 0.0,
  "nl_orientation": 0.5188661052902231,
  "nl_lexical_score": 0.4921685843457393,
  "nl_pct_expected_len": 1.0,
  "nl_verb_lang": 0.4471941891110111,
  "nl_verb_choice": 0.6536607315035032,
  "nl_aux_form": 0.44353024362023524,
  "nl_det_lang": 0.10085492061451437,
  "nl_det_agreement": 1.0,
  "nl_follows_fr": 0.5528058108889888,
  "nl_follows_nl": 0.10085492061451437,
  "nl_follows_either": 0.6536607315035032,
  "nl_keeps_ablated": 1.0,
  "nl_aux_matches_input": 0.10085492061451437,
  "nl_aux_matches_verb": 0.10085492061451437,
  "overall_exact": 0.0,
  "overall_follows_structure": 0.8268303657517516,
  "overall_keeps_ablated": 1.0,
  "overall_lexical": 0.6271774763771936,
  "overall_pct_expected_len": 1.0
}