{
  "fr_exact": 0.0,
  "fr_avg_fr": 0.6022690750144629,
  "fr_avg_nl": 0.39773092498553714,
  "fr_part_final": 0.0,
  "fr_orientation": 0.655535557412526,
  "fr_lexical_score": 0.6022690750144629,
  "fr_pct_expected_len": 1.0,
  "fr_verb_lang": 0.5625763321977245,
  "fr_verb_choice": 0.5876454329240857,
  "fr_aux_form": 0.0,
  "fr_det_lang": 0.5009963360545092,
  "fr_det_agreement": 1.0,
  "fr_follows_fr": 0.5625763321977245,
  "fr_follows_nl": 0.03760365108954169,
  "fr_follows_either": 0.6001799832872662,
  "fr_keeps_ablated": 1.0,
  "fr_aux_matches_input": 0.5625763321977245,
  "fr_aux_matches_verb": 0.575110882560905,
  "nl_exact": 0.0,
  "nl_avg_fr": 0.5892845664331169,
  "nl_avg_nl": 0.410715433566883,
  "nl_part_final": 0.0,
  "nl_orientation": 0.6498875104454586,
  "nl_lexical_score": 0.5892845664331169,
  "nl_pct_expected_len": 1.0,
  "nl_verb_lang": 0.01227743138137173,
  "nl_verb_choice": 1.0,
  "nl_aux_form": 0.0,
  "nl_det_lang": 0.01227743138137173,
  "nl_det_agreement": 1.0,
  "nl_follows_fr": 0.986694092691393,
  "nl_follows_nl": 0.01227743138137173,
  "nl_follows_either": 0.9989715240727647,
  "nl_keeps_ablated": 1.0,
  "nl_aux_matches_input": 0.01227743138137173,
  "nl_aux_matches_verb": 0.01227743138137173,
  "overall_exact": 0.0,
  "overall_follows_structure": 0.7995757536800154,
  "overall_keeps_ablated": 1.0,
  "overall_lexical": 0.5957768207237899,
  "overall_pct_expected_len": 1.0
}