{
  "fr_exact": 0.0,
  "fr_avg_fr": 0.8333333333333334,
  "fr_avg_nl": 0.16666666666666666,
  "fr_part_final": 0.0,
  "fr_orientation": 0.8000000000000002,
  "fr_lexical_score": 0.8333333333333334,
  "fr_pct_expected_len": 1.0,
  "fr_verb_lang": 0.0,
  "fr_verb_choice": 0.0,
  "fr_aux_form": 0.0,
  "fr_det_lang": 1.0,
  "fr_det_agreement": 1.0,
  "fr_follows_fr": 1.0,
  "fr_follows_nl": 0.0,
  "fr_follows_either": 1.0,
  "fr_keeps_ablated": 1.0,
  "fr_aux_matches_input": 1.0,
  "fr_aux_matches_verb": 0.0,
  "nl_exact": 0.008934884617856914,
  "nl_avg_fr": 0.08023183561526429,
  "nl_avg_nl": 0.9197681643847357,
  "nl_part_final": 0.5186089863084142,
  "nl_orientation": 0.09627820273831715,
  "nl_lexical_score": 0.08023183561526429,
  "nl_pct_expected_len": 1.0,
  "nl_verb_lang": 0.0,
  "nl_verb_choice": 0.0,
  "nl_aux_form": 0.0,
  "nl_det_lang": 1.0,
  "nl_det_agreement": 1.0,
  "nl_follows_fr": 0.0,
  "nl_follows_nl": 1.0,
  "nl_follows_either": 1.0,
  "nl_keeps_ablated": 0.48139101369158577,
  "nl_aux_matches_input": 1.0,
  "nl_aux_matches_verb": 0.5186089863084142,
  "overall_exact": 0.004467442308928457,
  "overall_follows_structure": 1.0,
  "overall_keeps_ablated": 0.7406955068457929,
  "overall_lexical": 0.45678258447429876,
  "overall_pct_expected_len": 1.0
}