{"train/global_step":2312,"_runtime":243,"train/grad_norm":0.00243545463308692,"_wandb":{"runtime":243},"eval/fr_follows_fr":1,"eval/tok_acc":0.996555032269318,"_step":2300,"eval/exact_match":0.9758852258852259,"nl_train_pct":55.00013519359723,"train/epoch":1,"train_loss":0.1860775101307947,"test_size":29476,"eval/loss":0.014977759896669256,"train/loss":0.0006,"eval/nl_follows_either":1,"eval/fr_avg_fr":1,"nl_train_samples":81365,"eval/samples_per_second":2636.14,"eval/loss_nl":0.029717890056753044,"eval/runtime":1.2427,"eval/nl_avg_nl":1,"eval/steps_per_second":164.96,"val_size":3276,"fr_train_samples":66571,"fr_train_pct":44.99986480640277,"_timestamp":1.771636228512524e+09,"train_samples_per_second":765.492,"eval/nl_avg_fr":0,"eval/nl_follows_nl":1,"eval/fr_avg_nl":0,"total_flos":1.7909335719936e+14,"train_runtime":193.2562,"eval/nl_follows_fr":0,"eval/loss_fr":0.00023762899745833949,"train_size":147936,"eval/fr_follows_either":1,"train_steps_per_second":11.963,"train/learning_rate":2.5399296167372132e-08,"eval/fr_follows_nl":0}