{"train/learning_rate":2.5399296167372132e-08,"eval/fr_follows_nl":0,"nl_train_pct":92.50013519359723,"train/loss":0.0005,"_runtime":249,"total_flos":1.7909335719936e+14,"train_runtime":194.7178,"train/epoch":1,"_wandb":{"runtime":249},"fr_train_pct":7.499864806402769,"eval/nl_avg_fr":0,"eval/fr_avg_fr":1,"train_loss":0.16884871993204223,"fr_train_samples":11095,"nl_train_samples":136841,"eval/samples_per_second":2528,"train/global_step":2312,"val_size":3276,"eval/nl_follows_fr":0,"eval/loss_nl":0.0001405565997671509,"_timestamp":1.7716263423383765e+09,"eval/fr_avg_nl":0,"train_steps_per_second":11.874,"train_samples_per_second":759.746,"eval/nl_follows_either":1,"eval/exact_match":1,"eval/nl_follows_nl":1,"eval/loss":0.0016030011541108909,"eval/steps_per_second":158.193,"eval/nl_avg_nl":1,"eval/runtime":1.2959,"train_size":147936,"eval/tok_acc":1,"eval/loss_fr":0.0030654457352841695,"train/grad_norm":0.004350136499851942,"eval/fr_follows_fr":1,"test_size":29476,"_step":2300,"eval/fr_follows_either":1}