{"train/learning_rate":1.6720661708946595e-08,"train_runtime":565.6732,"eval/tok_acc":0.5713413437425039,"train_loss":0.07767166629736418,"train/grad_norm":0.0004558184591587633,"eval/fr_follows_fr":0,"_runtime":662,"train/epoch":1,"eval/loss":5.247638748758823,"eval/steps_per_second":160.308,"eval/fr_follows_either":0.6596459096459096,"eval/exact_match":0.4999236757746909,"eval/nl_follows_fr":0,"_wandb":{"runtime":662},"eval/nl_avg_nl":1,"eval/loss_nl":4.9009472076187465e-05,"eval/loss_fr":10.493627147651273,"nl_train_pct":100,"_timestamp":1.7716135909859817e+09,"train_samples_per_second":523.044,"eval/nl_follows_either":1,"_step":4600,"eval/fr_avg_nl":1,"eval/runtime":2.5576,"train/loss":0.0001,"eval/fr_avg_fr":0,"fr_train_pct":0,"train/global_step":4623,"total_flos":3.5818671439872e+14,"val_size":6551,"eval/nl_avg_fr":0,"fr_train_samples":0,"eval/fr_follows_nl":0.6596459096459096,"eval/nl_follows_nl":1,"train_steps_per_second":8.173,"eval/samples_per_second":2561.41,"nl_train_samples":295872,"test_size":58953,"train_size":295872}