{"_step":2300,"fr_train_samples":1479,"eval/loss_nl":0.00013813160598162626,"train_size":147936,"nl_train_samples":146457,"train_runtime":194.3465,"train/global_step":2312,"eval/loss_fr":1.7404650774339763,"_wandb":{"runtime":245},"train/grad_norm":0.0014029837911948562,"eval/fr_follows_either":0.326007326007326,"total_flos":1.7909335719936e+14,"eval/nl_follows_nl":1,"eval/tok_acc":0.851037851037851,"eval/nl_follows_fr":0,"train_samples_per_second":761.197,"eval/fr_avg_nl":0.4022181522181522,"eval/loss":0.8703015953920991,"val_size":3276,"eval/runtime":1.2431,"_timestamp":1.7716154220887527e+09,"fr_train_pct":0.9997566515249837,"test_size":29476,"eval/nl_avg_nl":1,"train_loss":0.15887775010277055,"eval/fr_avg_fr":0.5977818477818478,"train_steps_per_second":11.896,"eval/steps_per_second":164.916,"train/learning_rate":2.5399296167372132e-08,"eval/exact_match":0.5048840048840049,"train/epoch":1,"eval/fr_follows_nl":0.24297924297924298,"nl_train_pct":99.00024334847501,"eval/fr_follows_fr":0.08302808302808302,"_runtime":245,"eval/nl_follows_either":1,"eval/nl_avg_fr":0,"eval/samples_per_second":2635.441,"train/loss":0.0004}