{"eval/fr_follows_fr":0,"eval/fr_follows_either":0.46642246642246643,"fr_train_samples":0,"eval/runtime":1.2268,"eval/samples_per_second":2670.465,"eval/steps_per_second":167.108,"nl_train_pct":100,"train/loss":0.0004,"eval/tok_acc":0.5714285714285714,"eval/nl_avg_fr":0,"val_size":3276,"eval/fr_avg_nl":1,"eval/nl_follows_nl":1,"train/epoch":1,"total_flos":1.7909335719936e+14,"train_loss":0.1537302970488646,"eval/loss_nl":0.0001616195203406368,"train/global_step":2312,"test_size":29476,"_runtime":241,"eval/nl_follows_fr":0,"eval/loss_fr":9.7010098586589,"fr_train_pct":0,"nl_train_samples":147936,"eval/exact_match":0.5,"eval/nl_follows_either":1,"train/grad_norm":0.0015044359024614096,"train/learning_rate":2.5399296167372132e-08,"_timestamp":1.7716119305188196e+09,"train_runtime":192.7531,"_wandb":{"runtime":241},"train_size":147936,"train_samples_per_second":767.49,"eval/loss":4.850585762543265,"eval/nl_avg_nl":1,"train_steps_per_second":11.995,"eval/fr_follows_nl":0.46642246642246643,"eval/fr_avg_fr":0,"_step":2300}