{"eval/loss_fr":0.18605266629930892,"_step":4600,"eval/nl_follows_either":1,"train_runtime":557.5013,"total_flos":3.5818671439872e+14,"eval/fr_follows_fr":0.6767399267399268,"val_size":6551,"eval/fr_avg_fr":0.8992165242165241,"eval/fr_avg_nl":0.10078347578347577,"train/grad_norm":0.0015913565875962377,"train_steps_per_second":8.292,"eval/steps_per_second":162.269,"_runtime":659,"eval/samples_per_second":2592.746,"train_size":295872,"eval/fr_follows_nl":0.17002442002442003,"_wandb":{"runtime":659},"eval/exact_match":0.8256754693939856,"train/loss":0.0002,"eval/loss":0.10253115802084357,"train/epoch":1,"nl_train_pct":96.0002974259139,"fr_train_pct":3.999702574086091,"eval/fr_follows_either":0.8467643467643468,"eval/loss_nl":0.018984154270891233,"test_size":58953,"eval/nl_follows_nl":1,"train_samples_per_second":530.711,"eval/runtime":2.5267,"eval/tok_acc":0.9750964956277123,"train/global_step":4623,"eval/nl_avg_fr":0,"fr_train_samples":11834,"eval/nl_follows_fr":0,"_timestamp":1.7716433038540308e+09,"eval/nl_avg_nl":1,"train/learning_rate":1.6720661708946595e-08,"train_loss":0.0847547419665157,"nl_train_samples":284038}