{"eval/tok_acc":0.8956974943847177,"eval/steps_per_second":160.403,"train/epoch":1,"eval/fr_follows_either":0.4858015267175573,"eval/fr_follows_nl":0.2778625954198473,"train_loss":0.08079439879606796,"_wandb":{"runtime":662},"_step":4600,"eval/exact_match":0.5303007174477179,"total_flos":3.5818671439872e+14,"fr_train_pct":1.4999729612805537,"train/global_step":4623,"test_size":58953,"train/loss":0.0001,"train/grad_norm":0.002114505274221301,"eval/loss":0.6253457487475652,"nl_train_pct":98.50002703871945,"eval/fr_avg_nl":0.2642748091603053,"eval/loss_fr":1.25083742247283,"train/learning_rate":1.6720661708946595e-08,"eval/nl_follows_nl":1,"train_runtime":564.7265,"eval/nl_follows_fr":0,"train_steps_per_second":8.186,"_runtime":662,"eval/runtime":2.5561,"eval/fr_follows_fr":0.20793893129770993,"eval/samples_per_second":2562.929,"train_size":295872,"val_size":6551,"fr_train_samples":4438,"eval/loss_nl":4.504068385271932e-05,"nl_train_samples":291434,"eval/nl_avg_fr":0,"eval/fr_avg_fr":0.7357251908396947,"eval/nl_avg_nl":1,"_timestamp":1.7716263634032862e+09,"train_samples_per_second":523.921,"eval/nl_follows_either":1}