{"eval/nl_avg_fr":0,"train/grad_norm":0.000378160533728078,"train_runtime":580.8947,"train/learning_rate":1.6720661708946595e-08,"nl_train_samples":294393,"eval/fr_follows_nl":0,"eval/tok_acc":0.8171707700023988,"train_size":295872,"eval/fr_avg_fr":0.8340964590964591,"train/global_step":4623,"fr_train_samples":1479,"eval/fr_follows_fr":0.037545787545787544,"train_steps_per_second":7.958,"eval/samples_per_second":2536.233,"eval/loss_fr":2.945556879916907,"nl_train_pct":99.5001216742375,"eval/steps_per_second":158.732,"eval/loss_nl":3.417791293503873e-05,"train/loss":0.0002,"_timestamp":1.7716211046285584e+09,"eval/runtime":2.583,"eval/loss":1.473020268767649,"train/epoch":1,"total_flos":3.5818671439872e+14,"_runtime":693,"_wandb":{"runtime":693},"eval/nl_follows_either":1,"val_size":6551,"eval/nl_follows_nl":1,"eval/fr_follows_either":0.037545787545787544,"train_loss":0.08042758450180207,"test_size":58953,"eval/fr_avg_nl":0.1659035409035409,"_step":4600,"eval/nl_avg_nl":1,"eval/nl_follows_fr":0,"eval/exact_match":0.4999236757746909,"train_samples_per_second":509.338,"fr_train_pct":0.49987832576249186}