{"train/grad_norm":0.00038213739753700793,"_step":4600,"eval/tok_acc":0.8550493926772358,"_timestamp":1.77162266616015e+09,"train_samples_per_second":491.956,"train_size":295872,"train_steps_per_second":7.687,"eval/loss":0.8685711841240419,"nl_train_pct":99.00024334847501,"eval/nl_avg_fr":0,"val_size":6551,"eval/samples_per_second":2571.279,"eval/loss_fr":1.7373683361970742,"train/global_step":4623,"eval/fr_avg_nl":0.14749109414758269,"fr_train_pct":0.9997566515249837,"eval/fr_follows_nl":0.02198473282442748,"eval/nl_avg_nl":1,"eval/loss_nl":3.9249991626229694e-05,"train_runtime":601.4193,"_wandb":{"runtime":735},"eval/nl_follows_either":1,"eval/nl_follows_nl":1,"train/learning_rate":1.6720661708946595e-08,"eval/runtime":2.5478,"eval/fr_follows_either":0.4076335877862595,"eval/nl_follows_fr":0,"train_loss":0.07996141531506906,"train/epoch":1,"eval/fr_follows_fr":0.38564885496183204,"total_flos":3.5818671439872e+14,"test_size":58953,"_runtime":735,"fr_train_samples":2958,"nl_train_samples":292914,"eval/steps_per_second":160.926,"eval/fr_avg_fr":0.8525089058524175,"eval/exact_match":0.5002289726759274,"train/loss":0.0001}