{"train/grad_norm":0.0014227597275748849,"test_size":29476,"eval/fr_follows_either":1,"eval/nl_follows_either":1,"train_loss":0.1588493132730946,"train/learning_rate":2.5399296167372132e-08,"eval/fr_avg_fr":1,"nl_train_pct":7.500540774388925,"fr_train_pct":92.49945922561108,"eval/loss":0.0856720302686077,"train_size":147936,"nl_train_samples":11096,"_wandb":{"runtime":244},"eval/nl_follows_nl":1,"eval/nl_follows_fr":0,"train/loss":0.0005,"_runtime":244,"eval/steps_per_second":161.126,"total_flos":1.7909335719936e+14,"fr_train_samples":136840,"eval/runtime":1.2723,"eval/samples_per_second":2574.878,"train_samples_per_second":760.369,"eval/exact_match":0.8031135531135531,"eval/loss_fr":0.0001421781556965938,"train_runtime":194.5583,"train/global_step":2312,"val_size":3276,"_step":2300,"eval/fr_follows_fr":1,"eval/fr_follows_nl":0,"_timestamp":1.771651460602344e+09,"train/epoch":1,"eval/fr_avg_nl":0,"eval/loss_nl":0.1712017661194807,"train_steps_per_second":11.883,"eval/nl_avg_nl":1,"eval/nl_avg_fr":0,"eval/tok_acc":0.9718733647305076}