{"test_size":29476,"eval/fr_avg_fr":1,"val_size":3276,"train_size":147936,"fr_train_samples":88761,"train/epoch":1,"eval/loss_fr":0.00019188582425554976,"total_flos":1.7909335719936e+14,"eval/loss_nl":0.08522232066980939,"train_loss":0.185802902657761,"eval/loss":0.042707104372345046,"eval/fr_follows_nl":0,"eval/steps_per_second":158.446,"eval/samples_per_second":2532.045,"nl_train_pct":40.00040558079169,"nl_train_samples":59175,"eval/nl_follows_nl":1,"eval/fr_follows_fr":1,"train/loss":0.0006,"train/global_step":2312,"train_samples_per_second":758.871,"fr_train_pct":59.9995944192083,"_runtime":244,"eval/fr_avg_nl":0,"_step":2300,"train/grad_norm":0.002789225894957781,"eval/nl_avg_nl":1,"eval/exact_match":0.9478021978021978,"train_runtime":194.9423,"train/learning_rate":2.5399296167372132e-08,"eval/runtime":1.2938,"eval/nl_avg_fr":0,"eval/nl_follows_either":1,"train_steps_per_second":11.86,"eval/nl_follows_fr":0,"eval/fr_follows_either":1,"_wandb":{"runtime":244},"eval/tok_acc":0.9925431711145997,"_timestamp":1.7716411158888347e+09}