{
  "fr_exact": 0.9655172413793104,
  "fr_avg_fr": 1.0,
  "fr_avg_nl": 0.0,
  "fr_part_final": 0.0,
  "nl_exact": 0.6086956521739131,
  "nl_avg_fr": 0.0,
  "nl_avg_nl": 1.0,
  "nl_part_final": 1.0,
  "overall_exact": 0.8076923076923077
}