{"train/grad_norm":0.2916651666164398,"train/global_step":200000,"train/loss":0.1702,"train_samples_per_second":1532.034,"eval/token_accuracy":0,"train_steps_per_second":23.938,"train_runtime":8354.9065,"eval/loss":0.3770257830619812,"eval/exact_match":0,"_wandb":{"runtime":8355},"_timestamp":1.7463728033314853e+09,"total_flos":1.9364236204032e+16,"eval/steps_per_second":208.266,"_runtime":8354.389302273,"train/learning_rate":9.97055446760875e-11,"eval/samples_per_second":3330.972,"_step":2200,"train/epoch":615.3846153846154,"eval/runtime":1.5605,"train_loss":0.17379436666488648}