{"test_size":29476,"fr_train_samples":73968,"eval/exact_match":0.9746642246642246,"eval/samples_per_second":2613.037,"nl_train_pct":50,"val_size":3276,"eval/loss_nl":0.04103575691453412,"eval/tok_acc":0.9963806035234607,"eval/steps_per_second":163.514,"eval/fr_follows_fr":1,"eval/fr_avg_fr":1,"eval/nl_follows_fr":0,"eval/fr_follows_nl":0,"eval/nl_avg_nl":1,"_runtime":241,"eval/nl_avg_fr":0,"train/learning_rate":2.5399296167372132e-08,"train_steps_per_second":12.041,"eval/loss_fr":0.00021274200143401713,"total_flos":1.7909335719936e+14,"fr_train_pct":50,"train/grad_norm":0.0027681158389896154,"train_samples_per_second":770.444,"eval/fr_follows_either":1,"eval/nl_follows_either":1,"_wandb":{"runtime":241},"train_loss":0.18410622614945824,"eval/loss":0.020624250462279434,"train/loss":0.0006,"train/epoch":1,"eval/nl_follows_nl":1,"nl_train_samples":73968,"train_runtime":192.0139,"train_size":147936,"_step":2300,"train/global_step":2312,"_timestamp":1.771637960378723e+09,"eval/fr_avg_nl":0,"eval/runtime":1.2537}