{"eval/steps_per_second":159.385,"train_steps_per_second":11.972,"nl_train_samples":110952,"_runtime":242,"total_flos":1.7909335719936e+14,"eval/exact_match":1,"train_size":147936,"eval/fr_avg_nl":0,"train_runtime":193.1132,"eval/tok_acc":1,"test_size":29476,"_timestamp":1.7716321901535866e+09,"train/epoch":1,"eval/loss_nl":0.00024957389231618855,"_wandb":{"runtime":242},"train/grad_norm":0.002660717349499464,"fr_train_pct":25,"train/global_step":2312,"train/learning_rate":2.5399296167372132e-08,"eval/fr_follows_either":1,"train_samples_per_second":766.058,"eval/nl_follows_nl":1,"nl_train_pct":75,"train_loss":0.17942390091105762,"eval/fr_avg_fr":1,"eval/fr_follows_fr":1,"eval/loss_fr":0.00043559708200839733,"eval/loss":0.0003425855313866116,"eval/samples_per_second":2547.05,"eval/fr_follows_nl":0,"eval/nl_avg_fr":0,"fr_train_samples":36984,"eval/nl_follows_fr":0,"eval/nl_follows_either":1,"_step":2300,"train/loss":0.0006,"eval/runtime":1.2862,"val_size":3276,"eval/nl_avg_nl":1}