{"eval/nl_follows_either":1,"train/loss":0.0001,"fr_train_samples":7396,"eval/tok_acc":0.9929781712715616,"eval/fr_follows_nl":0.004274809160305344,"eval/fr_follows_fr":0.9926717557251908,"nl_train_pct":97.50027038719446,"eval/nl_avg_fr":0,"val_size":6551,"eval/fr_avg_nl":0.0012213740458015267,"eval/loss_fr":0.033964048875424695,"fr_train_pct":2.4997296128055373,"train_size":295872,"eval/loss_nl":0.06426015860098044,"_timestamp":1.7716337459180048e+09,"train_loss":0.08225212275032852,"train_steps_per_second":8.303,"eval/nl_follows_nl":1,"train_runtime":556.7684,"train/epoch":1,"eval/nl_avg_nl":1,"eval/nl_follows_fr":0,"train/global_step":4623,"eval/fr_follows_either":0.9969465648854962,"train/grad_norm":0.00139400246553123,"eval/loss":0.04911441675189287,"total_flos":3.5818671439872e+14,"test_size":58953,"_runtime":658,"eval/exact_match":0.9508471989009312,"eval/fr_avg_fr":0.9987786259541984,"eval/samples_per_second":2577.747,"_wandb":{"runtime":658},"nl_train_samples":288476,"train_samples_per_second":531.409,"eval/runtime":2.5414,"_step":4600,"train/learning_rate":1.6720661708946595e-08,"eval/steps_per_second":161.331}