{"train/learning_rate":2.5399296167372132e-08,"train_size":147936,"eval/loss_nl":0.00013827195803132203,"eval/tok_acc":0.9952468166753881,"train_steps_per_second":11.981,"train_loss":0.1638592757920293,"nl_train_pct":97.00005407743889,"eval/nl_follows_nl":1,"test_size":29476,"_runtime":242,"eval/fr_follows_nl":0.07020757020757021,"fr_train_samples":4438,"train/global_step":2312,"eval/runtime":1.2804,"eval/nl_avg_nl":1,"eval/fr_follows_either":0.9975579975579976,"total_flos":1.7909335719936e+14,"eval/fr_avg_fr":0.9757834757834757,"train/loss":0.0005,"eval/fr_follows_fr":0.9273504273504274,"train_samples_per_second":766.596,"eval/fr_avg_nl":0.024216524216524215,"eval/loss":0.014930987953502908,"train_runtime":192.9779,"fr_train_pct":2.9999459225611074,"eval/samples_per_second":2558.582,"eval/steps_per_second":160.107,"eval/nl_follows_fr":0,"eval/nl_follows_either":1,"train/grad_norm":0.002529415301978588,"eval/nl_avg_fr":0,"_wandb":{"runtime":242},"nl_train_samples":143498,"train/epoch":1,"eval/loss_fr":0.02972370409776294,"val_size":3276,"_timestamp":1.7716219897627487e+09,"eval/exact_match":0.9667277167277167,"_step":2300}