{"eval/tok_acc":0.7728065585208442,"fr_train_pct":0.09936729396495782,"eval/runtime":1.238,"total_flos":1.7909335719936e+14,"train/loss":0.0011,"_wandb":{"runtime":270},"eval/loss_fr":2.8152256844535706,"eval/nl_avg_fr":0,"train/grad_norm":0.09276340156793594,"_timestamp":1.7716136674883473e+09,"eval/exact_match":0.5,"train/epoch":1,"eval/nl_follows_fr":0,"nl_train_pct":99.90063270603504,"nl_train_samples":147789,"eval/loss_nl":0.00015765478021379387,"train_runtime":201.9475,"eval/nl_follows_nl":1,"eval/fr_follows_fr":0.019536019536019536,"_step":2300,"eval/samples_per_second":2646.144,"eval/nl_follows_either":1,"eval/nl_avg_nl":1,"train/global_step":2312,"train_samples_per_second":732.547,"_runtime":270,"eval/fr_avg_fr":1,"eval/loss":1.4076916426238268,"train_loss":0.15238265429420403,"eval/fr_follows_nl":0,"eval/fr_follows_either":0.019536019536019536,"test_size":29476,"eval/steps_per_second":165.586,"train_size":147936,"fr_train_samples":147,"train_steps_per_second":11.449,"val_size":3276,"train/learning_rate":2.5399296167372132e-08,"eval/fr_avg_nl":0}