{"eval/fr_follows_either":1,"_runtime":240,"eval/loss_fr":0.00035311690826191864,"_timestamp":1.7716336245736868e+09,"eval/fr_avg_fr":1,"test_size":29476,"fr_train_samples":44380,"eval/exact_match":1,"train_steps_per_second":12.103,"eval/fr_follows_fr":1,"val_size":3276,"train_samples_per_second":774.451,"eval/nl_follows_nl":1,"eval/nl_avg_fr":0,"eval/steps_per_second":163.924,"eval/nl_follows_fr":0,"eval/runtime":1.2506,"_step":2300,"fr_train_pct":29.999459225611076,"eval/fr_follows_nl":0,"train/epoch":1,"eval/fr_avg_nl":0,"train/learning_rate":2.5399296167372132e-08,"eval/nl_avg_nl":1,"_wandb":{"runtime":240},"nl_train_pct":70.00054077438892,"eval/samples_per_second":2619.593,"eval/loss":0.00027285813092696454,"train/global_step":2312,"train_size":147936,"train/grad_norm":0.0030701253563165665,"eval/loss_nl":0.000192599152370472,"train/loss":0.0006,"train_runtime":191.0204,"eval/nl_follows_either":1,"train_loss":0.18142565046227618,"total_flos":1.7909335719936e+14,"nl_train_samples":103556,"eval/tok_acc":1}