{"eval/nl_avg_nl":1,"eval/loss_fr":2.2505828268798718,"test_size":58953,"_timestamp":1.7716249184795153e+09,"train/grad_norm":0.00041348973172716796,"eval/fr_avg_fr":0.6510480260480261,"train_loss":0.08118871433442616,"eval/nl_follows_nl":1,"train/loss":0.0001,"train/global_step":4623,"eval/tok_acc":0.852825086682513,"_wandb":{"runtime":665},"fr_train_samples":2958,"_runtime":665,"eval/fr_follows_nl":0.13125763125763126,"nl_train_samples":292914,"eval/samples_per_second":2578.605,"fr_train_pct":0.9997566515249837,"total_flos":3.5818671439872e+14,"train_steps_per_second":8.128,"nl_train_pct":99.00024334847501,"eval/loss":1.125484229699107,"eval/loss_nl":4.216036790198085e-05,"eval/nl_follows_either":1,"eval/nl_follows_fr":0,"_step":4600,"train/learning_rate":1.6720661708946595e-08,"eval/nl_avg_fr":0,"val_size":6551,"train_size":295872,"eval/runtime":2.5405,"eval/fr_follows_either":0.17002442002442003,"train/epoch":1,"train_samples_per_second":520.162,"eval/exact_match":0.4999236757746909,"eval/steps_per_second":161.384,"eval/fr_avg_nl":0.34895197395197397,"train_runtime":568.8078,"eval/fr_follows_fr":0.03876678876678877}