{"train_steps_per_second":7.753,"train/learning_rate":1.6720661708946595e-08,"nl_train_samples":294393,"_timestamp":1.7716203363882833e+09,"eval/loss_nl":3.314570288968322e-05,"eval/fr_follows_fr":0.04304029304029304,"train_loss":0.07927772184351804,"fr_train_pct":0.49987832576249186,"eval/nl_follows_nl":1,"eval/samples_per_second":2525.9,"eval/fr_avg_nl":0.18243793243793238,"eval/nl_avg_fr":0,"val_size":6551,"nl_train_pct":99.5001216742375,"eval/nl_follows_either":1,"_step":4600,"_wandb":{"runtime":716},"eval/steps_per_second":158.086,"fr_train_samples":1479,"eval/fr_follows_either":0.048534798534798536,"eval/tok_acc":0.8165601761999258,"eval/fr_follows_nl":0.005494505494505495,"train/global_step":4623,"eval/loss":1.4312861340589296,"train/epoch":1,"eval/nl_follows_fr":0,"test_size":58953,"train_samples_per_second":496.169,"eval/nl_avg_nl":1,"train_size":295872,"eval/runtime":2.5935,"train_runtime":596.3131,"train/loss":0.0001,"_runtime":716,"eval/exact_match":0.4999236757746909,"eval/loss_fr":2.862101863446544,"total_flos":3.5818671439872e+14,"train/grad_norm":0.0025123802479356527,"eval/fr_avg_fr":0.8175620675620676}