{"eval/runtime":1.1344,"_step":66,"eval/loss":0.2559855878353119,"eval/steps_per_second":286.491,"train/global_step":6000,"train/epoch":18.46153846153846,"train/loss":0.2388,"train/grad_norm":0.2785751521587372,"_timestamp":1.746340354309877e+09,"train_loss":0.270314453125,"train_runtime":208.7106,"train_steps_per_second":958.265,"train/learning_rate":0.00019979876826701015,"_wandb":{"runtime":209},"eval/exact_match":0,"eval/samples_per_second":4582.089,"train_samples_per_second":61328.953,"eval/token_accuracy":0,"_runtime":208.164035939,"total_flos":5.809311719424e+14}