{"eval/loss":0.04204927372572186,"fr_train_pct":64.99972961280554,"eval/steps_per_second":156.786,"eval/nl_avg_fr":0,"train/epoch":1,"val_size":3276,"_wandb":{"runtime":242},"eval/runtime":1.3075,"eval/nl_follows_fr":0,"nl_train_pct":35.00027038719446,"train/learning_rate":2.5399296167372132e-08,"_step":2300,"eval/fr_follows_fr":1,"eval/fr_avg_nl":0,"eval/fr_avg_fr":1,"eval/loss_nl":0.08392134643590785,"train_size":147936,"total_flos":1.7909335719936e+14,"eval/nl_avg_nl":1,"fr_train_samples":96158,"train/loss":0.0006,"train_steps_per_second":11.987,"eval/tok_acc":0.9901447758590616,"_timestamp":1.7716419779822636e+09,"eval/loss_fr":0.0001772006958912403,"train/grad_norm":0.0027932333759963512,"eval/exact_match":0.931013431013431,"eval/nl_follows_nl":1,"eval/nl_follows_either":1,"eval/samples_per_second":2505.523,"train_runtime":192.8792,"train/global_step":2312,"train_loss":0.182539566353956,"_runtime":242,"train_samples_per_second":766.988,"test_size":29476,"nl_train_samples":51778,"eval/fr_follows_nl":0,"eval/fr_follows_either":1}