{"eval/loss_fr":1.652108249210176,"train_loss":0.08046288295874017,"fr_train_pct":1.4999729612805537,"_step":4600,"val_size":6551,"train_steps_per_second":7.875,"eval/steps_per_second":160.887,"eval/runtime":2.5484,"train/global_step":4623,"eval/nl_follows_either":1,"eval/tok_acc":0.8868438842488606,"eval/nl_avg_fr":0,"_runtime":701,"eval/loss_nl":4.11205344525955e-05,"eval/nl_follows_fr":0,"total_flos":3.5818671439872e+14,"eval/nl_follows_nl":1,"eval/fr_avg_nl":0.15893365893365893,"train/grad_norm":0.0010372336255386472,"test_size":58953,"train_samples_per_second":504.001,"eval/fr_avg_fr":0.8410663410663409,"eval/loss":0.8262007949807556,"eval/exact_match":0.4999236757746909,"eval/fr_follows_either":0.26465201465201466,"train/loss":0.0002,"train_size":295872,"fr_train_samples":4438,"train/learning_rate":1.6720661708946595e-08,"_timestamp":1.771627846411292e+09,"eval/fr_follows_fr":0.24053724053724054,"eval/fr_follows_nl":0.024114774114774116,"nl_train_samples":291434,"eval/samples_per_second":2570.662,"train_runtime":587.0468,"nl_train_pct":98.50002703871945,"train/epoch":1,"_wandb":{"runtime":701},"eval/nl_avg_nl":1}