{"_step":2300,"val_size":3276,"train/loss":0.0005,"train/learning_rate":2.5399296167372132e-08,"eval/fr_follows_nl":0,"_wandb":{"runtime":247},"train/epoch":1,"train_size":147936,"eval/fr_avg_fr":1,"eval/nl_follows_fr":0,"eval/runtime":1.2627,"eval/fr_avg_nl":0,"eval/steps_per_second":162.344,"_timestamp":1.7716210921004016e+09,"eval/fr_follows_fr":0.9774114774114774,"_runtime":247,"eval/nl_follows_nl":1,"eval/nl_avg_nl":1,"eval/loss_nl":0.0001285537502278377,"eval/samples_per_second":2594.343,"train_runtime":196.6289,"nl_train_samples":144238,"train/grad_norm":0.0037902758922427893,"train_steps_per_second":11.758,"fr_train_pct":2.4997296128055373,"eval/nl_avg_fr":0,"eval/loss":0.0037759655730637367,"eval/nl_follows_either":1,"train_samples_per_second":752.361,"eval/loss_fr":0.007423367275673355,"fr_train_samples":3698,"nl_train_pct":97.50027038719446,"test_size":29476,"train_loss":0.16196156459458488,"eval/tok_acc":1,"train/global_step":2312,"eval/fr_follows_either":0.9774114774114774,"total_flos":1.7909335719936e+14,"eval/exact_match":1}