{"eval/steps_per_second":156.214,"train/loss":0.0001,"train/learning_rate":1.6720661708946595e-08,"eval/loss":0.8631958033434035,"train_loss":0.0826043108137328,"_wandb":{"runtime":665},"eval/tok_acc":0.9158907037093573,"nl_train_pct":98.00014871295696,"eval/nl_avg_nl":1,"_runtime":665,"test_size":58953,"_timestamp":1.7716322470350401e+09,"eval/fr_avg_fr":0.8390822140822143,"eval/nl_follows_nl":1,"train/grad_norm":0.007593240588903427,"eval/runtime":2.6246,"train/epoch":1,"eval/fr_follows_fr":0.05372405372405373,"train/global_step":4623,"val_size":6551,"eval/samples_per_second":2495.99,"train_size":295872,"train_steps_per_second":8.135,"eval/exact_match":0.4999236757746909,"fr_train_samples":5917,"_step":4600,"train_samples_per_second":520.622,"eval/nl_follows_either":1,"eval/fr_follows_nl":0.002136752136752137,"eval/loss_nl":3.936786253453154e-05,"eval/fr_avg_nl":0.16091778591778594,"nl_train_samples":289955,"eval/loss_fr":1.7260890126373887,"eval/nl_follows_fr":0,"eval/nl_avg_fr":0,"train_runtime":568.3046,"eval/fr_follows_either":0.055860805860805864,"fr_train_pct":1.9998512870430456,"total_flos":3.5818671439872e+14}