{"fr_train_pct":1.9998512870430456,"eval/fr_follows_fr":0.05555555555555555,"train_loss":0.08104467221119538,"_wandb":{"runtime":674},"train_steps_per_second":8.02,"eval/loss_nl":3.6933783787028966e-05,"eval/runtime":2.5972,"train/learning_rate":1.6720661708946595e-08,"fr_train_samples":5917,"eval/nl_follows_either":1,"eval/steps_per_second":157.86,"eval/fr_avg_nl":0.1665140415140415,"train_samples_per_second":513.251,"train/grad_norm":0.0008558101835660636,"eval/nl_follows_nl":1,"eval/loss":0.8861046060862896,"_runtime":674,"train/loss":0.0002,"eval/nl_avg_nl":1,"eval/loss_fr":1.7719017846534832,"eval/fr_avg_fr":0.8334859584859586,"test_size":58953,"eval/tok_acc":0.9153237237499182,"eval/nl_avg_fr":0,"train_size":295872,"_timestamp":1.7716315351585295e+09,"train/epoch":1,"nl_train_samples":289955,"eval/fr_follows_nl":0.7606837606837606,"eval/nl_follows_fr":0,"eval/samples_per_second":2522.293,"train_runtime":576.4669,"eval/exact_match":0.4999236757746909,"train/global_step":4623,"nl_train_pct":98.00014871295696,"eval/fr_follows_either":0.8162393162393162,"total_flos":3.5818671439872e+14,"val_size":6551,"_step":4600}