{"train/epoch":615.3846153846154,"_timestamp":1.7463505855818837e+09,"eval/samples_per_second":2923.094,"eval/runtime":1.7783,"eval/steps_per_second":182.764,"_wandb":{"runtime":9695},"total_flos":1.9364236204032e+16,"train/global_step":200000,"train/loss":0.1472,"train_loss":0.14816356256484986,"train_steps_per_second":20.631,"train/grad_norm":0.11154019832611084,"_step":2200,"eval/token_accuracy":0,"train_runtime":9694.3095,"train_samples_per_second":1320.362,"eval/exact_match":0,"train/learning_rate":1.0195870582263567e-10,"_runtime":9693.713903239,"eval/loss":1.8153547048568726}