{"train_size":295872,"_runtime":677,"nl_train_pct":95.00020279039585,"eval/nl_avg_nl":1,"eval/loss":0.0004984998506854396,"eval/steps_per_second":162.969,"_timestamp":1.771645537693351e+09,"train_samples_per_second":519.881,"eval/fr_avg_fr":0.9998982498982498,"eval/runtime":2.5158,"train_steps_per_second":8.123,"eval/nl_follows_either":1,"_step":4600,"eval/loss_fr":0.0008681502189090355,"test_size":58953,"train/grad_norm":0.0006414954550564289,"eval/samples_per_second":2603.925,"val_size":6551,"eval/fr_follows_nl":0,"total_flos":3.5818671439872e+14,"train/epoch":1,"nl_train_samples":281079,"train/learning_rate":1.6720661708946595e-08,"eval/exact_match":0.9998473515493818,"fr_train_pct":4.999797209604153,"eval/fr_follows_fr":0.9996947496947497,"eval/fr_follows_either":0.9996947496947497,"eval/nl_avg_fr":0,"_wandb":{"runtime":677},"fr_train_samples":14793,"eval/loss_nl":0.00012873473996429825,"train_runtime":569.115,"train/loss":0.0002,"eval/fr_avg_nl":0.00010175010175010175,"train_loss":0.08489930659107277,"eval/nl_follows_fr":0,"eval/nl_follows_nl":1,"eval/tok_acc":0.9999781930784831,"train/global_step":4623}