{"eval/exact_match":0,"train_samples_per_second":1299.106,"_step":2200,"_timestamp":1.7463507442124577e+09,"_runtime":9852.340728731,"train/loss":0.1565,"eval/loss":0.3906155824661255,"_wandb":{"runtime":9853},"eval/samples_per_second":2837.889,"train_runtime":9852.9326,"eval/token_accuracy":0,"eval/runtime":1.8316,"eval/steps_per_second":177.436,"train_loss":0.15894079768180847,"train_steps_per_second":20.299,"train/global_step":200000,"train/grad_norm":0.27080002427101135,"total_flos":1.9364236204032e+16,"train/learning_rate":1.0423704194240103e-10,"train/epoch":615.3846153846154}