{"eval/steps_per_second":161.148,"eval/nl_avg_fr":0,"eval/loss_fr":0.0008070554533235329,"train_steps_per_second":11.937,"train/learning_rate":2.5399296167372132e-08,"_wandb":{"runtime":243},"_step":2300,"_timestamp":1.7716292623846269e+09,"eval/fr_follows_either":1,"val_size":3276,"fr_train_pct":14.999729612805538,"train_runtime":193.6766,"eval/nl_follows_either":1,"eval/tok_acc":1,"eval/samples_per_second":2575.231,"eval/nl_follows_fr":0,"train/loss":0.0005,"fr_train_samples":22190,"eval/nl_follows_nl":1,"train/epoch":1,"eval/loss_nl":0.00015767246716947469,"eval/exact_match":1,"total_flos":1.7909335719936e+14,"nl_train_samples":125746,"train_samples_per_second":763.83,"_runtime":243,"eval/fr_follows_nl":0,"test_size":29476,"train/grad_norm":0.003350581042468548,"eval/fr_avg_fr":1,"train_loss":0.1745654748586348,"train/global_step":2312,"eval/loss":0.0004823639527928671,"eval/fr_follows_fr":1,"nl_train_pct":85.00027038719446,"eval/fr_avg_nl":0,"train_size":147936,"eval/nl_avg_nl":1,"eval/runtime":1.2721}