{"eval/fr_follows_either":1,"train/global_step":2312,"eval/tok_acc":0.9992586778301064,"train/grad_norm":0.0025850380770862103,"nl_train_samples":103556,"eval/samples_per_second":2551.807,"train/epoch":1,"train_size":147936,"train/learning_rate":2.5399296167372132e-08,"eval/exact_match":0.9948107448107448,"train_runtime":193.545,"_runtime":243,"fr_train_pct":29.999459225611076,"train/loss":0.0006,"fr_train_samples":44380,"eval/nl_avg_nl":1,"train_samples_per_second":764.349,"train_steps_per_second":11.946,"eval/loss_nl":0.008703498099276726,"eval/fr_avg_fr":1,"eval/loss":0.0045236489975126176,"eval/fr_follows_fr":1,"eval/runtime":1.2838,"eval/steps_per_second":159.683,"eval/nl_follows_fr":0,"nl_train_pct":70.00054077438892,"val_size":3276,"eval/fr_follows_nl":0,"eval/nl_follows_nl":1,"train_loss":0.17936677095672812,"eval/nl_follows_either":1,"total_flos":1.7909335719936e+14,"eval/loss_fr":0.0003437995567013224,"eval/fr_avg_nl":0,"_wandb":{"runtime":243},"_step":2300,"_timestamp":1.7716342041516862e+09,"eval/nl_avg_fr":0,"test_size":29476}