{"train/global_step":6000,"eval/steps_per_second":176.887,"train_loss":0.19585238615671793,"eval/loss":0.26128989458084106,"eval/exact_match":0,"train_runtime":312.2716,"_wandb":{"runtime":312},"train_steps_per_second":640.468,"eval/runtime":1.8373,"_step":66,"train_samples_per_second":40989.952,"train/loss":0.1662,"eval/samples_per_second":2829.107,"train/epoch":18.46153846153846,"_timestamp":1.7463404581664753e+09,"total_flos":5.809311719424e+14,"_runtime":311.716114311,"eval/token_accuracy":0,"train/learning_rate":0.00019979876826701015,"train/grad_norm":0.17685800790786743}