{"eval/nl_avg_nl":1,"eval/samples_per_second":2515.705,"test_size":58953,"eval/exact_match":0.5000763242253091,"total_flos":3.5818671439872e+14,"train_loss":0.0767001230728986,"eval/nl_follows_nl":1,"_wandb":{"runtime":753},"eval/fr_follows_either":0.4638167938931298,"train_steps_per_second":7.515,"_timestamp":1.7716179831277528e+09,"eval/tok_acc":0.7324290729877663,"nl_train_samples":295577,"_step":4600,"train/loss":0.0006,"fr_train_pct":0.09970527795803591,"train/learning_rate":1.6720661708946595e-08,"eval/fr_follows_nl":0,"nl_train_pct":99.90029472204196,"eval/loss":1.6286112433661943,"train/global_step":4623,"eval/fr_follows_fr":0.4638167938931298,"eval/nl_follows_fr":0,"train_size":295872,"eval/steps_per_second":157.448,"eval/nl_avg_fr":0,"eval/loss_fr":3.2576735891094644,"eval/fr_avg_fr":1,"fr_train_samples":295,"train_runtime":615.1743,"_runtime":753,"eval/loss_nl":4.62385363438592e-05,"train/epoch":1,"eval/runtime":2.604,"val_size":6551,"train_samples_per_second":480.956,"eval/nl_follows_either":1,"train/grad_norm":0.07740579545497894,"eval/fr_avg_nl":0}