{"eval/fr_follows_fr":1,"eval/loss_nl":0.16224806753052023,"eval/runtime":1.3067,"_step":2300,"val_size":3276,"eval/fr_avg_nl":0,"train/learning_rate":2.5399296167372132e-08,"_runtime":243,"eval/fr_avg_fr":1,"eval/nl_follows_either":1,"_wandb":{"runtime":243},"eval/steps_per_second":156.884,"eval/nl_follows_fr":0,"eval/nl_avg_fr":0,"eval/fr_follows_either":1,"eval/loss_fr":0.0001433049983372548,"eval/fr_follows_nl":0,"train_samples_per_second":763.237,"nl_train_pct":10.000270387194462,"train_size":147936,"eval/exact_match":0.8229548229548229,"eval/nl_follows_nl":1,"nl_train_samples":14794,"eval/loss":0.08119568424083301,"test_size":29476,"train/grad_norm":0.0017914711497724056,"total_flos":1.7909335719936e+14,"_timestamp":1.7716500205874915e+09,"train/epoch":1,"eval/nl_avg_nl":1,"eval/tok_acc":0.974707831850689,"eval/samples_per_second":2507.075,"fr_train_pct":89.99972961280554,"train_steps_per_second":11.928,"train/loss":0.0005,"fr_train_samples":133142,"train_loss":0.1614193500456268,"train/global_step":2312,"train_runtime":193.8271}