{"eval/steps_per_second":197.711,"train_steps_per_second":766.489,"train/grad_norm":0.1963225156068802,"train/learning_rate":0.00019979876826701015,"_wandb":{"runtime":261},"train/loss":0.2762,"eval/exact_match":0,"eval/loss":0.2569962739944458,"train/epoch":18.46153846153846,"train_loss":0.3060117292404175,"eval/samples_per_second":3162.157,"eval/token_accuracy":0,"train_runtime":260.9301,"_runtime":260.315490285,"train/global_step":6000,"_step":66,"total_flos":5.809311719424e+14,"eval/runtime":1.6438,"_timestamp":1.7462061987837553e+09,"train_samples_per_second":49055.291}