{"val_size":6551,"eval/loss_fr":2.3883113764988555,"_timestamp":1.7716218822753782e+09,"eval/runtime":2.636,"train_samples_per_second":479.119,"nl_train_samples":294393,"eval/exact_match":0.5019081056327278,"nl_train_pct":99.5001216742375,"eval/nl_avg_nl":1,"eval/nl_follows_either":1,"eval/tok_acc":0.8200056697995944,"eval/fr_avg_nl":0.050956743002544526,"eval/fr_follows_either":0.4164885496183206,"train/loss":0.0001,"eval/fr_follows_fr":0.4164885496183206,"test_size":58953,"train/learning_rate":1.6720661708946595e-08,"train/global_step":4623,"train_loss":0.07843806905312962,"train_size":295872,"_step":4600,"eval/nl_avg_fr":0,"train/grad_norm":0.00974657479673624,"train/epoch":1,"eval/nl_follows_nl":1,"eval/loss":1.1939901341519963,"eval/fr_follows_nl":0,"eval/loss_nl":3.34412842708306e-05,"eval/samples_per_second":2485.236,"eval/fr_avg_fr":0.9490432569974555,"eval/nl_follows_fr":0,"fr_train_samples":1479,"_runtime":755,"eval/steps_per_second":155.541,"train_steps_per_second":7.486,"fr_train_pct":0.49987832576249186,"train_runtime":617.534,"_wandb":{"runtime":755},"total_flos":3.5818671439872e+14}