{"eval/loss_nl":0.007581509687155014,"eval/nl_follows_either":1,"eval/fr_avg_nl":0,"eval/tok_acc":0.99544235340297,"eval/steps_per_second":162.571,"eval/loss_fr":0.025528821172832533,"_runtime":719,"eval/nl_avg_fr":0,"eval/fr_avg_fr":1,"test_size":58953,"fr_train_samples":11834,"train/epoch":1,"_timestamp":1.7716440409860132e+09,"eval/nl_follows_fr":0,"total_flos":3.5818671439872e+14,"_step":4600,"train/global_step":4623,"train_runtime":588.1243,"train_samples_per_second":503.077,"eval/loss":0.01655374615906832,"nl_train_pct":96.0002974259139,"eval/fr_follows_either":0.9853435114503817,"train_steps_per_second":7.861,"eval/exact_match":0.9680964738207907,"eval/fr_follows_nl":0,"fr_train_pct":3.999702574086091,"train/grad_norm":0.0016335273394361138,"eval/runtime":2.522,"train/loss":0.0002,"train_size":295872,"val_size":6551,"eval/samples_per_second":2597.563,"eval/fr_follows_fr":0.9853435114503817,"train_loss":0.08249525425196372,"eval/nl_follows_nl":1,"_wandb":{"runtime":719},"eval/nl_avg_nl":1,"train/learning_rate":1.6720661708946595e-08,"nl_train_samples":284038}