{"fr_train_samples":0,"train/loss":0.0004,"eval/fr_avg_fr":0,"val_size":3276,"nl_train_samples":147936,"train/epoch":1,"eval/fr_follows_either":0.9926739926739927,"eval/nl_follows_nl":1,"eval/loss":4.683727536591563,"eval/fr_follows_fr":0,"eval/loss_nl":0.0001597184021307624,"eval/nl_avg_nl":1,"train_samples_per_second":782.863,"eval/fr_follows_nl":0.9926739926739927,"nl_train_pct":100,"_step":2300,"train/grad_norm":0.0016191034810617566,"eval/samples_per_second":2699.727,"train_loss":0.15325695159885336,"eval/loss_fr":9.36729669512701,"train_runtime":188.9679,"total_flos":1.7909335719936e+14,"fr_train_pct":0,"eval/nl_avg_fr":0,"eval/exact_match":0.5,"eval/tok_acc":0.5714285714285714,"eval/nl_follows_fr":0,"_wandb":{"runtime":237},"eval/runtime":1.2135,"eval/steps_per_second":168.939,"train/learning_rate":2.5399296167372132e-08,"_runtime":237,"eval/nl_follows_either":1,"train/global_step":2312,"eval/fr_avg_nl":1,"train_steps_per_second":12.235,"train_size":147936,"_timestamp":1.771611359795697e+09,"test_size":29476}