{"eval/nl_avg_nl":1,"eval/fr_follows_nl":0.0018315018315018315,"total_flos":3.5818671439872e+14,"fr_train_pct":1.4999729612805537,"_wandb":{"runtime":676},"eval/samples_per_second":2551.513,"eval/fr_follows_either":0.7405372405372406,"eval/nl_follows_either":1,"train_samples_per_second":510.903,"eval/fr_avg_fr":0.8430504680504682,"nl_train_samples":291434,"_step":4600,"eval/nl_follows_fr":0,"train_runtime":579.1163,"eval/runtime":2.5675,"train/learning_rate":1.6720661708946595e-08,"train/grad_norm":0.0005618720315396786,"eval/loss_nl":3.6777418129233186e-05,"train/global_step":4623,"val_size":6551,"eval/loss_fr":1.821040539951115,"fr_train_samples":4438,"eval/steps_per_second":159.689,"eval/fr_follows_fr":0.7387057387057387,"eval/loss":0.910677828273415,"train_loss":0.08241990989749184,"train/loss":0.0002,"nl_train_pct":98.50002703871945,"eval/fr_avg_nl":0.15694953194953193,"eval/nl_avg_fr":0,"_runtime":676,"train_size":295872,"_timestamp":1.7716285854282207e+09,"eval/nl_follows_nl":1,"test_size":58953,"eval/exact_match":0.5052663715463288,"train/epoch":1,"eval/tok_acc":0.8885012102841442,"train_steps_per_second":7.983}