{"eval/nl_avg_nl":1,"train/grad_norm":0.0029430349823087454,"eval/nl_avg_fr":0,"train_samples_per_second":757.428,"eval/runtime":1.2913,"train_steps_per_second":11.837,"train/epoch":1,"eval/nl_follows_either":1,"total_flos":1.7909335719936e+14,"train/learning_rate":2.5399296167372132e-08,"_wandb":{"runtime":244},"test_size":29476,"eval/fr_avg_fr":1,"eval/fr_avg_nl":0,"_runtime":244,"eval/tok_acc":1,"eval/loss":0.000732110960627093,"fr_train_samples":14793,"eval/fr_follows_nl":0,"eval/loss_fr":0.0013235895590281276,"eval/loss_nl":0.00014063079241377225,"train/global_step":2312,"train/loss":0.0005,"eval/steps_per_second":158.752,"eval/nl_follows_nl":1,"val_size":3276,"_timestamp":1.7716281097106206e+09,"eval/samples_per_second":2536.932,"eval/exact_match":1,"eval/fr_follows_either":1,"train_runtime":195.3137,"nl_train_samples":133143,"fr_train_pct":9.999594419208305,"train_loss":0.17344181263089425,"nl_train_pct":90.00040558079169,"eval/fr_follows_fr":1,"_step":2300,"train_size":147936,"eval/nl_follows_fr":0}