{"train_steps_per_second":771.141,"eval/runtime":1.577,"train/global_step":6000,"eval/exact_match":0,"_timestamp":1.7462061972042682e+09,"eval/steps_per_second":206.091,"_wandb":{"runtime":260},"_step":66,"train/learning_rate":0.00019979876826701015,"train/grad_norm":0.18576587736606598,"eval/samples_per_second":3296.192,"eval/loss":0.2560593783855438,"train/epoch":18.46153846153846,"total_flos":5.809311719424e+14,"train_loss":0.2883392696380615,"eval/token_accuracy":0,"train/loss":0.2575,"train_runtime":259.3561,"_runtime":258.724279392,"train_samples_per_second":49352.996}