{"eval/nl_follows_nl":1,"eval/samples_per_second":2585.209,"train_samples_per_second":766.824,"eval/nl_follows_fr":0,"eval/nl_avg_fr":0,"train/grad_norm":0.004048224072903395,"nl_train_pct":20.000540774388924,"eval/nl_follows_either":1,"train_loss":0.17515045032650395,"train_size":147936,"fr_train_samples":118348,"eval/fr_follows_fr":1,"train/global_step":2312,"train/loss":0.0006,"train/epoch":1,"eval/runtime":1.2672,"train_runtime":192.9204,"total_flos":1.7909335719936e+14,"train_steps_per_second":11.984,"eval/loss_nl":0.13036595778915036,"eval/fr_follows_nl":0,"fr_train_pct":79.99945922561108,"eval/tok_acc":0.9811616954474097,"_runtime":242,"eval/fr_avg_nl":0,"_timestamp":1.7716468584136262e+09,"eval/steps_per_second":161.773,"eval/fr_follows_either":1,"_wandb":{"runtime":242},"eval/exact_match":0.8681318681318682,"nl_train_samples":29588,"eval/loss":0.06526292674925738,"_step":2300,"train/learning_rate":2.5399296167372132e-08,"eval/loss_fr":0.00015990048631930767,"val_size":3276,"eval/nl_avg_nl":1,"test_size":29476,"eval/fr_avg_fr":1}