{"eval/samples_per_second":4610.676,"_runtime":208.706115235,"eval/exact_match":0,"_wandb":{"runtime":210},"train/global_step":6000,"train_samples_per_second":61165.66,"_timestamp":1.7463403548526583e+09,"train/learning_rate":0.00019979876826701015,"eval/token_accuracy":0,"total_flos":5.809311719424e+14,"train_runtime":209.2677,"train/epoch":18.46153846153846,"_step":66,"train/loss":0.2576,"train/grad_norm":0.18976444005966187,"train_loss":0.2882781753540039,"eval/loss":0.2565566599369049,"train_steps_per_second":955.713,"eval/runtime":1.1274,"eval/steps_per_second":288.278}