{"_timestamp":1.7462058459435565e+09,"_wandb":{"runtime":261},"train/grad_norm":0.17722201347351074,"train/epoch":18.46153846153846,"eval/runtime":1.6902,"eval/samples_per_second":3075.445,"eval/steps_per_second":192.289,"train_loss":0.2149231866200765,"total_flos":5.809311719424e+14,"train/learning_rate":0.00019979876826701015,"_runtime":260.411665965,"eval/token_accuracy":0,"train/loss":0.184,"_step":66,"eval/loss":0.25722968578338623,"train/global_step":6000,"train_steps_per_second":766.207,"eval/exact_match":0,"train_samples_per_second":49037.272,"train_runtime":261.0259}