{"train_size":295872,"fr_train_samples":22190,"train_runtime":566.7702,"train_loss":0.08523069237337312,"nl_train_samples":273682,"eval/fr_follows_fr":1,"_wandb":{"runtime":664},"eval/fr_follows_either":1,"eval/steps_per_second":161.008,"eval/fr_follows_nl":0,"test_size":58953,"_runtime":664,"val_size":6551,"eval/fr_avg_nl":0,"_step":4600,"train/grad_norm":0.0008395130862481892,"train_samples_per_second":522.032,"eval/loss":0.049934456591202804,"train/epoch":1,"eval/nl_follows_either":1,"eval/nl_follows_fr":0,"eval/runtime":2.5465,"train/loss":0.0002,"_timestamp":1.7716483888526666e+09,"eval/nl_avg_nl":1,"nl_train_pct":92.50013519359723,"total_flos":3.5818671439872e+14,"eval/nl_follows_nl":1,"eval/exact_match":0.9473362845367119,"eval/fr_avg_fr":1,"train/global_step":4623,"train_steps_per_second":8.157,"eval/loss_fr":0.016493840541207155,"eval/loss_nl":0.0833648647209692,"eval/tok_acc":0.9924766120766731,"eval/samples_per_second":2572.592,"fr_train_pct":7.499864806402769,"eval/nl_avg_fr":0,"train/learning_rate":1.6720661708946595e-08}