{"train/global_step":2312,"eval/fr_avg_fr":1,"eval/fr_avg_nl":0,"test_size":29476,"eval/fr_follows_either":1,"_wandb":{"runtime":243},"train/epoch":1,"train_runtime":193.0078,"train_loss":0.1576867601671095,"_runtime":243,"train_steps_per_second":11.979,"eval/loss":0.09260449725884366,"train/learning_rate":2.5399296167372132e-08,"eval/nl_follows_nl":0.9993894993894994,"eval/samples_per_second":2608.324,"eval/loss_fr":0.0001391784816193457,"eval/nl_avg_nl":1,"total_flos":1.7909335719936e+14,"_timestamp":1.7716534589466016e+09,"eval/nl_follows_fr":0,"nl_train_pct":4.000378542072248,"eval/nl_avg_fr":0,"eval/nl_follows_either":0.9993894993894994,"eval/fr_follows_fr":1,"train/loss":0.0005,"train/grad_norm":0.001372274593450129,"eval/exact_match":0.7594627594627594,"fr_train_samples":142018,"eval/tok_acc":0.9656375370661084,"val_size":3276,"train_size":147936,"nl_train_samples":5918,"_step":2300,"train_samples_per_second":766.477,"eval/loss_nl":0.1850698229302999,"eval/runtime":1.256,"eval/fr_follows_nl":0,"eval/steps_per_second":163.219,"fr_train_pct":95.99962145792776}