{"eval/tok_acc":1,"eval/loss":0.00035784965220688684,"train/epoch":1,"nl_train_samples":118349,"nl_train_pct":80.00013519359723,"eval/nl_follows_either":1,"fr_train_pct":19.99986480640277,"train/learning_rate":2.5399296167372132e-08,"_wandb":{"runtime":255},"_step":2300,"total_flos":1.7909335719936e+14,"eval/loss_fr":0.0005533275625444448,"fr_train_samples":29587,"train/global_step":2312,"eval/steps_per_second":159.119,"eval/fr_avg_fr":1,"eval/nl_avg_nl":1,"eval/fr_follows_either":1,"eval/fr_follows_fr":1,"eval/runtime":1.2883,"test_size":29476,"eval/nl_avg_fr":0,"_timestamp":1.7716304309729702e+09,"eval/fr_avg_nl":0,"train_runtime":198.1335,"_runtime":255,"eval/nl_follows_nl":1,"eval/nl_follows_fr":0,"train_samples_per_second":746.648,"eval/fr_follows_nl":0,"train/grad_norm":0.0029193286318331957,"eval/exact_match":1,"eval/loss_nl":0.0001623716567788257,"val_size":3276,"eval/samples_per_second":2542.799,"train_size":147936,"train/loss":0.0006,"train_loss":0.17892035811951795,"train_steps_per_second":11.669}