{"fr_train_pct":44.99986480640277,"eval/nl_follows_fr":0,"eval/runtime":1.249,"_step":2300,"test_size":29476,"train/learning_rate":2.5399296167372132e-08,"eval/fr_follows_fr":1,"total_flos":1.7909335719936e+14,"_wandb":{"runtime":243},"eval/fr_avg_nl":0,"train/loss":0.0006,"eval/fr_avg_fr":1,"nl_train_samples":81365,"train_samples_per_second":762.116,"eval/steps_per_second":164.128,"train/epoch":1,"train_steps_per_second":11.911,"train/grad_norm":0.002515301574021578,"eval/loss_nl":0.0335540558644758,"eval/fr_follows_nl":0,"eval/exact_match":0.9743589743589743,"_timestamp":1.7716371015548482e+09,"val_size":3276,"eval/samples_per_second":2622.846,"eval/loss_fr":0.00023835429348411454,"eval/fr_follows_either":1,"_runtime":243,"train_loss":0.18250527195906377,"eval/tok_acc":0.9963369963369964,"eval/nl_avg_fr":0,"eval/nl_avg_nl":1,"nl_train_pct":55.00013519359723,"eval/loss":0.01689620574654685,"eval/nl_follows_nl":1,"eval/nl_follows_either":1,"train/global_step":2312,"train_runtime":194.1121,"train_size":147936,"fr_train_samples":66571}