{"eval/loss_fr":0.43586124274174665,"eval/fr_avg_fr":0.7067562067562068,"eval/fr_follows_fr":0.12026862026862027,"train/learning_rate":2.5399296167372132e-08,"train/epoch":1,"train_runtime":196.2566,"_step":2300,"eval/fr_follows_either":0.3247863247863248,"eval/fr_avg_nl":0.29324379324379324,"train_samples_per_second":753.789,"eval/nl_follows_either":1,"train/global_step":2312,"eval/nl_follows_nl":1,"eval/loss_nl":0.00013360028101204666,"eval/exact_match":0.6379731379731379,"eval/nl_follows_fr":0,"eval/samples_per_second":2581.915,"train_steps_per_second":11.78,"nl_train_pct":97.50027038719446,"val_size":3276,"nl_train_samples":144238,"fr_train_pct":2.4997296128055373,"eval/nl_avg_nl":1,"train_loss":0.16431952248005982,"train/loss":0.0005,"train_size":147936,"eval/steps_per_second":161.567,"_timestamp":1.7716208007488053e+09,"test_size":29476,"eval/nl_avg_fr":0,"eval/fr_follows_nl":0.2045177045177045,"eval/loss":0.21799741589870208,"eval/runtime":1.2688,"_wandb":{"runtime":245},"_runtime":245,"eval/tok_acc":0.9482818768533054,"total_flos":1.7909335719936e+14,"fr_train_samples":3698,"train/grad_norm":0.0013773743994534016}