{"eval/loss":0.07701929164220271,"total_flos":1.7909335719936e+14,"eval/runtime":1.2562,"fr_train_pct":92.49945922561108,"eval/fr_follows_either":1,"eval/nl_follows_either":1,"eval/tok_acc":0.9699982557125414,"eval/nl_avg_fr":0,"train/grad_norm":0.005575275514274836,"val_size":3276,"eval/steps_per_second":163.187,"eval/loss_nl":0.15389208179035466,"eval/fr_follows_fr":1,"eval/loss_fr":0.00014649957312687194,"nl_train_pct":7.500540774388925,"eval/fr_avg_fr":1,"train/loss":0.0005,"eval/fr_follows_nl":0,"train_size":147936,"eval/nl_follows_nl":1,"train/learning_rate":2.5399296167372132e-08,"eval/samples_per_second":2607.81,"train_steps_per_second":12.112,"_timestamp":1.771650304884112e+09,"train/global_step":2312,"_step":2300,"_runtime":239,"train/epoch":1,"eval/nl_avg_nl":1,"eval/nl_follows_fr":0,"test_size":29476,"train_samples_per_second":774.973,"train_loss":0.1616772723486518,"eval/exact_match":0.78998778998779,"fr_train_samples":136840,"train_runtime":190.8918,"nl_train_samples":11096,"eval/fr_avg_nl":0,"_wandb":{"runtime":239}}