{"eval/fr_follows_nl":0,"eval/nl_follows_either":1,"train_runtime":193.4394,"nl_train_pct":40.00040558079169,"_timestamp":1.7716414038069587e+09,"train_loss":0.18006211893965737,"train_steps_per_second":11.952,"eval/fr_follows_fr":1,"eval/loss_fr":0.0001838886726210383,"eval/steps_per_second":159.195,"eval/nl_avg_fr":0,"test_size":29476,"_step":2300,"eval/nl_follows_nl":1,"eval/fr_avg_nl":0,"nl_train_samples":59175,"eval/nl_avg_nl":1,"eval/nl_follows_fr":0,"eval/exact_match":0.9371184371184371,"train/grad_norm":0.0022991192527115345,"total_flos":1.7909335719936e+14,"_wandb":{"runtime":243},"eval/tok_acc":0.9910169195883481,"train/loss":0.0006,"eval/samples_per_second":2544.016,"train_samples_per_second":764.767,"eval/fr_follows_either":1,"val_size":3276,"fr_train_samples":88761,"train/global_step":2312,"fr_train_pct":59.9995944192083,"eval/runtime":1.2877,"eval/fr_avg_fr":1,"train_size":147936,"train/learning_rate":2.5399296167372132e-08,"_runtime":243,"eval/loss":0.048776317519728225,"eval/loss_nl":0.09736874846056995,"train/epoch":1}