{"eval/loss_fr":9.528134401901301,"fr_train_samples":0,"train/grad_norm":0.0014189905487000942,"nl_train_pct":100,"eval/steps_per_second":165.977,"train_steps_per_second":11.298,"train_samples_per_second":722.917,"nl_train_samples":147936,"val_size":3276,"train/global_step":2312,"fr_train_pct":0,"eval/fr_avg_nl":1,"eval/nl_avg_nl":1,"_step":2300,"train_runtime":204.6377,"eval/fr_follows_either":0.775946275946276,"eval/loss":4.764147722968543,"train/learning_rate":2.5399296167372132e-08,"eval/fr_follows_fr":0,"eval/runtime":1.2351,"eval/fr_follows_nl":0.775946275946276,"eval/nl_follows_either":1,"eval/loss_nl":0.00016143399656972575,"eval/nl_follows_fr":0,"eval/tok_acc":0.5714285714285714,"train_loss":0.15220423961045368,"eval/exact_match":0.5,"_runtime":254,"_wandb":{"runtime":254},"train_size":147936,"eval/nl_follows_nl":1,"train/epoch":1,"_timestamp":1.7716110758830318e+09,"eval/nl_avg_fr":0,"total_flos":1.7909335719936e+14,"eval/fr_avg_fr":0,"test_size":29476,"train/loss":0.0004,"eval/samples_per_second":2652.398}