{"eval/nl_avg_fr":0,"eval/nl_avg_nl":1,"eval/nl_follows_either":1,"_timestamp":1.7716482969170387e+09,"eval/tok_acc":0.9768445839874411,"fr_train_pct":84.99959441920831,"eval/fr_avg_fr":1,"eval/loss_nl":0.1544017445964691,"train_size":147936,"val_size":3276,"nl_train_samples":22191,"train/learning_rate":2.5399296167372132e-08,"eval/steps_per_second":162.036,"eval/fr_follows_either":1,"total_flos":1.7909335719936e+14,"train/global_step":2312,"eval/samples_per_second":2589.412,"train_samples_per_second":772.134,"nl_train_pct":15.000405580791693,"train/epoch":1,"train/loss":0.0006,"eval/loss_fr":0.00015644308730990595,"eval/runtime":1.2652,"fr_train_samples":125745,"eval/fr_avg_nl":0,"eval/nl_follows_nl":1,"eval/loss":0.07727909217314552,"train_loss":0.17088891878026413,"train_runtime":191.5936,"_wandb":{"runtime":240},"_runtime":240,"eval/fr_follows_fr":1,"test_size":29476,"eval/nl_follows_fr":0,"train/grad_norm":0.004798735957592726,"train_steps_per_second":12.067,"eval/fr_follows_nl":0,"_step":2300,"eval/exact_match":0.8379120879120879}