{"eval/exact_match":0,"eval/loss":0.2565566599369049,"total_flos":5.809311719424e+14,"train/epoch":18.46153846153846,"eval/token_accuracy":0,"_wandb":{"runtime":216},"_step":66,"train/global_step":6000,"train_samples_per_second":58833.897,"train_steps_per_second":919.28,"_runtime":215.830157381,"train/learning_rate":0.00019979876826701015,"eval/runtime":1.1143,"eval/steps_per_second":291.666,"train_runtime":217.5617,"_timestamp":1.7463395959675975e+09,"train/loss":0.2576,"eval/samples_per_second":4664.857,"train_loss":0.2882781753540039,"train/grad_norm":0.18976444005966187}