{"train/epoch":1,"nl_train_pct":99.90029472204196,"eval/samples_per_second":2556.391,"val_size":6551,"eval/nl_follows_fr":0,"eval/runtime":2.5626,"train/grad_norm":0.0005839219666086137,"eval/tok_acc":0.7511830254922912,"eval/nl_avg_nl":1,"nl_train_samples":295577,"fr_train_pct":0.09970527795803591,"eval/fr_avg_fr":0.7505596255596255,"_runtime":659,"_step":4600,"eval/steps_per_second":159.994,"eval/fr_follows_either":0.5012210012210012,"total_flos":3.5818671439872e+14,"train_loss":0.078963680758864,"eval/nl_follows_nl":1,"_timestamp":1.7716172272585244e+09,"_wandb":{"runtime":659},"eval/fr_follows_fr":0.4126984126984127,"train_runtime":564.3911,"train_steps_per_second":8.191,"train_size":295872,"eval/nl_avg_fr":0,"eval/nl_follows_either":1,"train_samples_per_second":524.232,"train/loss":0.0006,"train/global_step":4623,"eval/exact_match":0.4999236757746909,"test_size":58953,"train/learning_rate":1.6720661708946595e-08,"eval/loss_fr":3.646758138624012,"eval/fr_avg_nl":0.24944037444037442,"eval/fr_follows_nl":0.08852258852258853,"fr_train_samples":295,"eval/loss":1.8236835769361583,"eval/loss_nl":5.2649139332005626e-05}