{"eval/fr_follows_nl":0,"train_steps_per_second":11.88,"eval/fr_avg_fr":1,"eval/loss_fr":0.0026101504830059043,"eval/loss_nl":0.00013940514406326918,"eval/fr_follows_either":0.9945054945054945,"train_samples_per_second":760.155,"nl_train_samples":140540,"_runtime":244,"eval/exact_match":1,"train_loss":0.16423592364993977,"eval/fr_follows_fr":0.9945054945054945,"eval/nl_follows_either":1,"fr_train_samples":7396,"_timestamp":1.771625476544974e+09,"train_size":147936,"eval/runtime":1.2702,"test_size":29476,"train/epoch":1,"eval/tok_acc":1,"eval/nl_avg_fr":0,"eval/fr_avg_nl":0,"fr_train_pct":4.999459225611075,"train/loss":0.0005,"total_flos":1.7909335719936e+14,"val_size":3276,"nl_train_pct":95.00054077438892,"eval/nl_avg_nl":1,"eval/samples_per_second":2579.118,"eval/loss":0.0013747792794756928,"train/learning_rate":2.5399296167372132e-08,"_wandb":{"runtime":244},"_step":2300,"eval/steps_per_second":161.392,"train/global_step":2312,"eval/nl_follows_fr":0,"train_runtime":194.6129,"train/grad_norm":0.0040167029947042465,"eval/nl_follows_nl":1}