{"train_samples_per_second":767.075,"eval/tok_acc":0.9995203209488924,"eval/fr_avg_fr":1,"eval/steps_per_second":163.109,"eval/nl_follows_nl":1,"eval/loss":0.006471714612110194,"val_size":3276,"train/learning_rate":2.5399296167372132e-08,"eval/nl_follows_fr":0,"train_steps_per_second":11.988,"total_flos":1.7909335719936e+14,"eval/fr_follows_fr":1,"train_size":147936,"nl_train_pct":96.0002974259139,"train/epoch":1,"train/loss":0.0005,"eval/nl_avg_nl":1,"train_runtime":192.8573,"fr_train_samples":5917,"train/global_step":2312,"eval/nl_follows_either":1,"eval/loss_fr":0.012804499320158228,"eval/fr_avg_nl":0,"train_loss":0.16485653197510444,"_timestamp":1.7716234615925143e+09,"nl_train_samples":142019,"eval/fr_follows_nl":0,"train/grad_norm":0.0024127489887177944,"_wandb":{"runtime":242},"eval/loss_nl":0.00013892965081619196,"_runtime":242,"eval/fr_follows_either":1,"eval/runtime":1.2568,"_step":2300,"test_size":29476,"eval/samples_per_second":2606.564,"eval/exact_match":0.9966422466422467,"fr_train_pct":3.999702574086091,"eval/nl_avg_fr":0}