{"test_size":29476,"eval/fr_avg_fr":0,"eval/nl_follows_fr":0,"train/epoch":1,"eval/tok_acc":0.5714285714285714,"eval/fr_avg_nl":1,"train_steps_per_second":12.1,"eval/loss":4.78908263661777,"eval/loss_fr":9.578000094282176,"eval/nl_avg_nl":1,"_runtime":240,"eval/exact_match":0.5,"eval/runtime":1.2402,"nl_train_samples":147936,"fr_train_samples":0,"train_runtime":191.0811,"eval/loss_nl":0.00016547908466118836,"nl_train_pct":100,"val_size":3276,"_timestamp":1.7716122173408191e+09,"train_size":147936,"eval/fr_follows_fr":0,"eval/nl_follows_nl":1,"_step":2300,"eval/fr_follows_either":0.8650793650793651,"eval/steps_per_second":165.296,"train_loss":0.15012312170813363,"total_flos":1.7909335719936e+14,"fr_train_pct":0,"_wandb":{"runtime":240},"eval/nl_follows_either":1,"train/global_step":2312,"train_samples_per_second":774.205,"train/learning_rate":2.5399296167372132e-08,"eval/samples_per_second":2641.514,"eval/nl_avg_fr":0,"eval/fr_follows_nl":0.8650793650793651,"train/loss":0.0004,"train/grad_norm":0.0018856542883440852}