{"eval/tok_acc":0.8850078492935636,"train/grad_norm":0.0013957768678665161,"eval/fr_follows_fr":0.07936507936507936,"train/epoch":1,"eval/nl_avg_nl":1,"train_samples_per_second":767.209,"_step":2300,"eval/nl_follows_fr":0,"eval/fr_follows_either":0.32722832722832723,"train_steps_per_second":11.99,"eval/loss":0.8180933992795746,"eval/nl_follows_either":1,"train/learning_rate":2.5399296167372132e-08,"train_loss":0.16000231454119884,"eval/fr_follows_nl":0.24786324786324787,"eval/fr_avg_fr":0.6539479039479038,"train/loss":0.0005,"train/global_step":2312,"eval/exact_match":0.5003052503052503,"nl_train_samples":145717,"fr_train_pct":1.4999729612805537,"test_size":29476,"fr_train_samples":2219,"_timestamp":1.7716169315213027e+09,"eval/fr_avg_nl":0.346052096052096,"train_size":147936,"nl_train_pct":98.50002703871945,"_wandb":{"runtime":248},"eval/runtime":1.2403,"train_runtime":192.8235,"total_flos":1.7909335719936e+14,"eval/loss_nl":0.00013693838326049506,"eval/loss_fr":1.6360498778840415,"val_size":3276,"eval/nl_avg_fr":0,"eval/nl_follows_nl":1,"eval/samples_per_second":2641.333,"_runtime":248,"eval/steps_per_second":165.285}