{"total_flos":1.7909335719936e+14,"train_steps_per_second":11.927,"eval/tok_acc":0.969954648526077,"train_loss":0.1640435225017301,"eval/nl_follows_fr":0,"eval/fr_follows_either":1,"eval/fr_follows_nl":0,"train_size":147936,"eval/fr_follows_fr":1,"eval/nl_follows_either":1,"train_samples_per_second":763.147,"_timestamp":1.771651164549074e+09,"eval/nl_follows_nl":1,"nl_train_pct":7.500540774388925,"eval/loss_fr":0.00014748193207552248,"train/learning_rate":2.5399296167372132e-08,"eval/nl_avg_fr":0,"test_size":29476,"train/epoch":1,"eval/fr_avg_fr":1,"eval/exact_match":0.7896825396825397,"_step":2300,"eval/steps_per_second":157.35,"_wandb":{"runtime":243},"eval/loss":0.124593914082781,"fr_train_pct":92.49945922561108,"train/loss":0.0005,"_runtime":243,"eval/nl_avg_nl":1,"fr_train_samples":136840,"val_size":3276,"eval/fr_avg_nl":0,"train/grad_norm":0.006474758964031935,"eval/samples_per_second":2514.536,"train/global_step":2312,"nl_train_samples":11096,"train_runtime":193.85,"eval/runtime":1.3028,"eval/loss_nl":0.24904035395682222}