{
  "nl_exact": 0.0,
  "nl_avg_fr": 0.32972831094255534,
  "nl_avg_nl": 0.6702716890574445,
  "nl_part_final": 0.0,
  "nl_orientation": 0.360898630841422,
  "nl_lexical_score": 0.32972831094255534,
  "nl_pct_expected_len": 1.0,
  "nl_verb_lang": 1.0,
  "nl_verb_choice": 0.021630134344667994,
  "nl_aux_form": 0.717554798482998,
  "nl_det_lang": 0.021630134344667994,
  "nl_det_agreement": 1.0,
  "nl_follows_fr": 0.0,
  "nl_follows_nl": 0.021630134344667994,
  "nl_follows_either": 0.021630134344667994,
  "nl_keeps_ablated": 1.0,
  "nl_aux_matches_input": 0.021630134344667994,
  "nl_aux_matches_verb": 0.021630134344667994,
  "fr_exact": 0.0,
  "fr_avg_fr": 0.7963671230528595,
  "fr_avg_nl": 0.20363287694714058,
  "fr_part_final": 0.0,
  "fr_orientation": 0.8361412868805043,
  "fr_lexical_score": 0.7963671230528595,
  "fr_pct_expected_len": 1.0,
  "fr_verb_lang": 1.0,
  "fr_verb_choice": 1.0,
  "fr_aux_form": 0.98020183840072,
  "fr_det_lang": 0.36141286880503953,
  "fr_det_agreement": 1.0,
  "fr_follows_fr": 0.5832101304878833,
  "fr_follows_nl": 0.0,
  "fr_follows_either": 0.5832101304878833,
  "fr_keeps_ablated": 0.5832101304878833,
  "fr_aux_matches_input": 1.0,
  "fr_aux_matches_verb": 1.0,
  "overall_exact": 0.0,
  "overall_follows_structure": 0.30242013241627563,
  "overall_keeps_ablated": 0.7916050652439416,
  "overall_lexical": 0.5630477169977073,
  "overall_pct_expected_len": 1.0
}