{
  "nl_exact": 0.0,
  "nl_avg_fr": 0.13917100554948467,
  "nl_avg_nl": 0.8608289944505155,
  "nl_part_final": 0.16487754708491353,
  "nl_orientation": 0.16702449058301727,
  "nl_lexical_score": 0.13917100554948467,
  "nl_pct_expected_len": 1.0,
  "nl_verb_lang": 0.0,
  "nl_verb_choice": 0.0,
  "nl_aux_form": 0.0,
  "nl_det_lang": 1.0,
  "nl_det_agreement": 1.0,
  "nl_follows_fr": 0.0,
  "nl_follows_nl": 0.9999035803818217,
  "nl_follows_either": 0.9999035803818217,
  "nl_keeps_ablated": 0.8350260332969082,
  "nl_aux_matches_input": 0.9999035803818217,
  "nl_aux_matches_verb": 0.16487754708491353,
  "fr_exact": 0.0,
  "fr_avg_fr": 0.8333333333333334,
  "fr_avg_nl": 0.16666666666666666,
  "fr_part_final": 0.0,
  "fr_orientation": 0.8000000000000002,
  "fr_lexical_score": 0.8333333333333334,
  "fr_pct_expected_len": 1.0,
  "fr_verb_lang": 0.0,
  "fr_verb_choice": 0.0,
  "fr_aux_form": 0.0,
  "fr_det_lang": 1.0,
  "fr_det_agreement": 1.0,
  "fr_follows_fr": 1.0,
  "fr_follows_nl": 0.0,
  "fr_follows_either": 1.0,
  "fr_keeps_ablated": 1.0,
  "fr_aux_matches_input": 1.0,
  "fr_aux_matches_verb": 0.0,
  "overall_exact": 0.0,
  "overall_follows_structure": 0.9999517901909108,
  "overall_keeps_ablated": 0.9175130166484541,
  "overall_lexical": 0.48625216944140903,
  "overall_pct_expected_len": 1.0
}