{
  "nl_exact": 0.0,
  "nl_avg_fr": 0.5751805189518117,
  "nl_avg_nl": 0.42481948104818834,
  "nl_part_final": 0.0,
  "nl_orientation": 0.645108311371087,
  "nl_lexical_score": 0.5751805189518117,
  "nl_pct_expected_len": 1.0,
  "nl_verb_lang": 0.0,
  "nl_verb_choice": 1.0,
  "nl_aux_form": 0.0,
  "nl_det_lang": 0.0,
  "nl_det_agreement": 0.7780420389535257,
  "nl_follows_fr": 0.4910972552548692,
  "nl_follows_nl": 0.0,
  "nl_follows_either": 0.4910972552548692,
  "nl_keeps_ablated": 1.0,
  "nl_aux_matches_input": 0.0,
  "nl_aux_matches_verb": 0.0,
  "fr_exact": 0.0,
  "fr_avg_fr": 0.3328940884060765,
  "fr_avg_nl": 0.6671059115939233,
  "fr_part_final": 0.0,
  "fr_orientation": 0.3647147050631014,
  "fr_lexical_score": 0.3328940884060765,
  "fr_pct_expected_len": 1.0,
  "fr_verb_lang": 0.0,
  "fr_verb_choice": 0.018737545799318633,
  "fr_aux_form": 0.0,
  "fr_det_lang": 0.0,
  "fr_det_agreement": 1.0,
  "fr_follows_fr": 0.0,
  "fr_follows_nl": 0.02137301536285916,
  "fr_follows_either": 0.02137301536285916,
  "fr_keeps_ablated": 1.0,
  "fr_aux_matches_input": 0.0,
  "fr_aux_matches_verb": 0.0026354695635405286,
  "overall_exact": 0.0,
  "overall_follows_structure": 0.25623513530886416,
  "overall_keeps_ablated": 1.0,
  "overall_lexical": 0.4540373036789441,
  "overall_pct_expected_len": 1.0
}