{"train/loss":0.0005,"_runtime":242,"nl_train_pct":60.00027038719446,"_timestamp":1.771635080759307e+09,"_step":2300,"fr_train_pct":39.99972961280554,"eval/fr_follows_nl":0,"train/learning_rate":2.5399296167372132e-08,"total_flos":1.7909335719936e+14,"train_samples_per_second":767.476,"eval/fr_avg_fr":1,"eval/fr_follows_fr":1,"test_size":29476,"fr_train_samples":59174,"train_size":147936,"eval/nl_avg_nl":1,"eval/runtime":1.2699,"train/epoch":1,"eval/nl_avg_fr":0,"eval/samples_per_second":2579.777,"train/global_step":2312,"train/grad_norm":0.002721975790336728,"eval/loss":0.015453121900076321,"nl_train_samples":88762,"eval/loss_nl":0.03064674387828595,"val_size":3276,"eval/tok_acc":0.9979068550497122,"_wandb":{"runtime":242},"eval/fr_avg_nl":0,"train_loss":0.18447172175609478,"eval/fr_follows_either":1,"eval/nl_follows_nl":1,"eval/exact_match":0.9853479853479854,"eval/nl_follows_either":1,"eval/steps_per_second":161.433,"train_runtime":192.7564,"eval/nl_follows_fr":0,"eval/loss_fr":0.0002594986940155281,"train_steps_per_second":11.994}