{"train_loss":0.16563147839012146,"eval/loss_nl":0.17664610324325142,"_wandb":{"runtime":240},"eval/steps_per_second":163.365,"eval/exact_match":0.8366910866910867,"eval/nl_follows_fr":0,"eval/fr_follows_fr":1,"train/grad_norm":0.0019484816584736109,"eval/runtime":1.2549,"train/loss":0.0005,"_runtime":240,"eval/nl_follows_nl":1,"train/global_step":2312,"eval/nl_follows_either":1,"fr_train_pct":84.99959441920831,"fr_train_samples":125745,"_timestamp":1.7716485832817192e+09,"eval/tok_acc":0.9766701552415838,"train/epoch":1,"test_size":29476,"nl_train_pct":15.000405580791693,"val_size":3276,"eval/nl_avg_fr":0,"train_steps_per_second":12.08,"train_samples_per_second":772.923,"eval/nl_avg_nl":1,"_step":2300,"eval/fr_avg_nl":0,"eval/loss":0.08839689111007293,"eval/samples_per_second":2610.655,"total_flos":1.7909335719936e+14,"train_size":147936,"train_runtime":191.3981,"eval/fr_avg_fr":1,"nl_train_samples":22191,"train/learning_rate":2.5399296167372132e-08,"eval/loss_fr":0.00014768187178387527,"eval/fr_follows_nl":0,"eval/fr_follows_either":1}