{"eval/nl_follows_either":1,"eval/nl_follows_nl":1,"eval/tok_acc":0.9757107971393686,"eval/exact_match":0.82997557997558,"train_steps_per_second":12.067,"eval/nl_follows_fr":0,"fr_train_samples":118348,"eval/fr_avg_fr":1,"eval/runtime":1.257,"eval/loss":0.09494035419017549,"_timestamp":1.771646287025651e+09,"eval/samples_per_second":2606.233,"train/learning_rate":2.5399296167372132e-08,"_wandb":{"runtime":240},"eval/fr_follows_either":1,"eval/loss_fr":0.00015521282145369148,"total_flos":1.7909335719936e+14,"train/loss":0.0006,"nl_train_samples":29588,"train/grad_norm":0.002982483943924308,"nl_train_pct":20.000540774388924,"train_size":147936,"eval/fr_avg_nl":0,"train_loss":0.17312867640317048,"eval/loss_nl":0.189725498649518,"_step":2300,"eval/fr_follows_nl":0,"eval/steps_per_second":163.088,"eval/nl_avg_fr":0,"train_samples_per_second":772.143,"fr_train_pct":79.99945922561108,"train/epoch":1,"eval/fr_follows_fr":1,"val_size":3276,"train_runtime":191.5913,"_runtime":240,"train/global_step":2312,"test_size":29476,"eval/nl_avg_nl":1}