{"eval/tok_acc":0.999738356881214,"train_size":147936,"eval/nl_avg_fr":0,"train/epoch":1,"eval/fr_avg_fr":1,"nl_train_samples":110952,"eval/loss":0.0012110994660530935,"fr_train_pct":25,"fr_train_samples":36984,"train_steps_per_second":11.913,"val_size":3276,"eval/nl_follows_nl":1,"eval/samples_per_second":2556.896,"_step":2300,"eval/exact_match":0.9981684981684982,"eval/nl_avg_nl":1,"train/grad_norm":0.0029336789157241583,"test_size":29476,"eval/fr_follows_either":1,"train_runtime":194.0667,"eval/fr_avg_nl":0,"eval/runtime":1.2812,"eval/loss_nl":0.001995021055567093,"_wandb":{"runtime":243},"train/loss":0.0006,"eval/steps_per_second":160.001,"train/learning_rate":2.5399296167372132e-08,"_timestamp":1.7716327669821327e+09,"train_loss":0.17730172695596075,"eval/nl_follows_fr":0,"nl_train_pct":75,"train/global_step":2312,"train_samples_per_second":762.295,"eval/loss_fr":0.00042717673779398165,"total_flos":1.7909335719936e+14,"eval/fr_follows_nl":0,"eval/nl_follows_either":1,"_runtime":243,"eval/fr_follows_fr":1}