{"val_size":3276,"eval/loss":0.00044836791651408725,"eval/steps_per_second":160.91,"eval/exact_match":1,"eval/fr_avg_nl":0,"eval/nl_follows_fr":0,"eval/fr_follows_nl":0,"train/epoch":1,"eval/samples_per_second":2571.425,"eval/nl_follows_either":1,"_wandb":{"runtime":243},"train/loss":0.0006,"eval/nl_avg_fr":0,"train_size":147936,"eval/loss_fr":0.0007397063560920321,"eval/nl_avg_nl":1,"fr_train_pct":14.999729612805538,"eval/runtime":1.274,"train_steps_per_second":11.927,"test_size":29476,"total_flos":1.7909335719936e+14,"nl_train_samples":125746,"train_samples_per_second":763.191,"fr_train_samples":22190,"nl_train_pct":85.00027038719446,"train_runtime":193.8388,"eval/loss_nl":0.00015702939753136933,"_timestamp":1.7716289739889877e+09,"_runtime":243,"train/global_step":2312,"eval/fr_follows_fr":1,"eval/fr_follows_either":1,"eval/nl_follows_nl":1,"train/learning_rate":2.5399296167372132e-08,"_step":2300,"train_loss":0.17473328854223216,"eval/fr_avg_fr":1,"eval/tok_acc":1,"train/grad_norm":0.002214503940194845}