{"eval/runtime":1.246,"eval/loss_nl":0.03698140710151057,"fr_train_pct":50,"eval/loss":0.01860064787473413,"_step":2300,"eval/nl_follows_either":1,"eval/nl_avg_fr":0,"eval/tok_acc":0.996293389150532,"eval/exact_match":0.974053724053724,"nl_train_samples":73968,"eval/fr_follows_nl":0,"_runtime":242,"eval/nl_follows_fr":0,"_timestamp":1.7716382470099952e+09,"val_size":3276,"eval/fr_follows_either":1,"total_flos":1.7909335719936e+14,"train_runtime":192.9085,"train_loss":0.18812984525959997,"nl_train_pct":50,"train_samples_per_second":766.871,"train_size":147936,"fr_train_samples":73968,"eval/nl_avg_nl":1,"train/grad_norm":0.0026620461139827967,"train/global_step":2312,"train/epoch":1,"train_steps_per_second":11.985,"eval/fr_follows_fr":1,"eval/samples_per_second":2629.11,"test_size":29476,"_wandb":{"runtime":242},"eval/steps_per_second":164.52,"train/learning_rate":2.5399296167372132e-08,"eval/fr_avg_nl":0,"eval/fr_avg_fr":1,"eval/loss_fr":0.00021988748469286494,"eval/nl_follows_nl":1,"train/loss":0.0006}