{"eval/fr_follows_fr":0.06349206349206349,"train/global_step":2312,"train_size":147936,"fr_train_samples":1479,"train/loss":0.0005,"nl_train_pct":99.00024334847501,"train_samples_per_second":742.313,"eval/fr_avg_fr":0.9367114367114366,"fr_train_pct":0.9997566515249837,"eval/nl_avg_fr":0,"eval/nl_follows_fr":0,"eval/nl_avg_nl":1,"val_size":3276,"train_steps_per_second":11.601,"eval/loss_fr":1.6365317187757573,"_step":2300,"train/learning_rate":2.5399296167372132e-08,"eval/samples_per_second":2587.177,"train/grad_norm":0.009253913536667824,"train_loss":0.15762284907708138,"eval/runtime":1.2662,"eval/tok_acc":0.8511250654107797,"train/epoch":1,"_runtime":248,"eval/steps_per_second":161.896,"train_runtime":199.2907,"test_size":29476,"eval/loss_nl":0.00014302895303618877,"nl_train_samples":146457,"eval/fr_follows_either":0.06349206349206349,"_wandb":{"runtime":248},"eval/loss":0.8183374139997694,"eval/nl_follows_either":1,"total_flos":1.7909335719936e+14,"eval/exact_match":0.5,"eval/fr_follows_nl":0,"_timestamp":1.771616645076216e+09,"eval/fr_avg_nl":0.06328856328856328,"eval/nl_follows_nl":1}