{"test_size":29476,"_wandb":{"runtime":242},"eval/nl_follows_fr":0,"train/global_step":2312,"eval/fr_avg_fr":1,"eval/loss_nl":0.14179592702414964,"eval/fr_follows_nl":0,"eval/runtime":1.2587,"nl_train_pct":7.500540774388925,"train/grad_norm":0.006439222488552332,"eval/samples_per_second":2602.587,"eval/loss":0.07096924164283552,"train/learning_rate":2.5399296167372132e-08,"train_loss":0.16090864052969453,"eval/exact_match":0.8177655677655677,"val_size":3276,"train_size":147936,"eval/nl_follows_nl":1,"eval/fr_follows_fr":1,"_step":2300,"eval/nl_follows_either":1,"_timestamp":1.7716508763357365e+09,"train/loss":0.0005,"eval/nl_avg_nl":1,"eval/fr_avg_nl":0,"eval/steps_per_second":162.86,"total_flos":1.7909335719936e+14,"fr_train_pct":92.49945922561108,"eval/fr_follows_either":1,"_runtime":242,"train/epoch":1,"train_steps_per_second":11.933,"eval/nl_avg_fr":0,"eval/tok_acc":0.9739665096807953,"nl_train_samples":11096,"eval/loss_fr":0.00014255635329264629,"train_samples_per_second":763.552,"train_runtime":193.7471,"fr_train_samples":136840}