{"eval/fr_follows_fr":1,"test_size":29476,"nl_train_samples":66572,"_runtime":243,"eval/nl_avg_fr":0,"eval/loss":0.021486665113433633,"total_flos":1.7909335719936e+14,"_step":2300,"eval/runtime":1.2672,"eval/tok_acc":0.9947235304378161,"eval/steps_per_second":161.769,"val_size":3276,"eval/nl_follows_nl":1,"train/grad_norm":0.0024639174807816744,"train_size":147936,"eval/fr_avg_fr":1,"eval/nl_follows_either":1,"fr_train_pct":54.99945922561108,"eval/nl_avg_nl":1,"eval/fr_follows_either":1,"train_samples_per_second":761.599,"eval/samples_per_second":2585.151,"fr_train_samples":81364,"_timestamp":1.7716391048794637e+09,"train_loss":0.18593237105077035,"_wandb":{"runtime":243},"train/global_step":2312,"eval/loss_fr":0.00019538199068649793,"eval/fr_follows_nl":0,"train_runtime":194.244,"train/loss":0.0006,"eval/nl_follows_fr":0,"nl_train_pct":45.000540774388924,"train/epoch":1,"eval/loss_nl":0.04277794872739231,"eval/fr_avg_nl":0,"train_steps_per_second":11.903,"train/learning_rate":2.5399296167372132e-08,"eval/exact_match":0.9630647130647131}