{"eval/tok_acc":0.8535229081710535,"nl_train_samples":292914,"train/epoch":1,"eval/exact_match":0.5022134025339643,"eval/samples_per_second":2544.478,"eval/fr_follows_either":0.18442748091603053,"val_size":6551,"train/loss":0.0002,"eval/runtime":2.5746,"eval/fr_avg_fr":0.8020356234096692,"train/grad_norm":0.0042231339029967785,"train_loss":0.07925506532067329,"_wandb":{"runtime":686},"eval/nl_avg_nl":1,"_timestamp":1.7716256362927592e+09,"eval/fr_follows_fr":0.1835114503816794,"eval/nl_follows_either":1,"train/learning_rate":1.6720661708946595e-08,"test_size":58953,"eval/nl_follows_nl":1,"eval/loss_nl":4.2715560954133215e-05,"nl_train_pct":99.00024334847501,"eval/fr_follows_nl":0.000916030534351145,"train_size":295872,"train_samples_per_second":512.632,"total_flos":3.5818671439872e+14,"eval/nl_follows_fr":0,"eval/loss_fr":2.1215006853059957,"fr_train_pct":0.9997566515249837,"_step":4600,"_runtime":686,"train/global_step":4623,"train_runtime":577.163,"fr_train_samples":2958,"eval/steps_per_second":159.248,"train_steps_per_second":8.01,"eval/nl_avg_fr":0,"eval/fr_avg_nl":0.1979643765903308,"eval/loss":1.0606096187196166}