{"total_flos":1.7909335719936e+14,"eval/samples_per_second":2635.1,"train_samples_per_second":773.625,"fr_train_pct":94.99986480640277,"eval/loss_fr":0.00013899128844703393,"nl_train_samples":7397,"train/global_step":2312,"train/learning_rate":2.5399296167372132e-08,"eval/nl_follows_nl":1,"train_steps_per_second":12.091,"nl_train_pct":5.000135193597231,"train/grad_norm":0.00356217660009861,"val_size":3276,"eval/nl_avg_fr":0,"eval/fr_follows_fr":1,"train_runtime":191.2244,"eval/exact_match":0.8275335775335775,"eval/fr_avg_fr":1,"eval/runtime":1.2432,"eval/tok_acc":0.9753619396476539,"fr_train_samples":140539,"train/loss":0.0005,"eval/fr_follows_nl":0,"_runtime":240,"train_size":147936,"eval/steps_per_second":164.895,"eval/loss_nl":0.12666631384464994,"train_loss":0.15760804945401602,"eval/fr_avg_nl":0,"_timestamp":1.7716523187169833e+09,"eval/nl_avg_nl":1,"eval/nl_follows_either":1,"test_size":29476,"_wandb":{"runtime":240},"eval/loss":0.06340265225832861,"_step":2300,"train/epoch":1,"eval/nl_follows_fr":0,"eval/fr_follows_either":1}