{"train_steps_per_second":12.021,"eval/steps_per_second":159.783,"train_loss":0.1761236976301233,"_runtime":241,"eval/loss":0.06239737820230488,"eval/fr_follows_either":1,"_wandb":{"runtime":241},"train_size":147936,"_step":2300,"eval/samples_per_second":2553.405,"eval/tok_acc":0.9836473050758765,"train/epoch":1,"eval/fr_follows_nl":0,"total_flos":1.7909335719936e+14,"fr_train_pct":69.99986480640277,"fr_train_samples":103555,"eval/nl_follows_fr":0,"test_size":29476,"val_size":3276,"train_samples_per_second":769.187,"eval/nl_avg_fr":0,"nl_train_samples":44381,"eval/fr_avg_fr":1,"eval/runtime":1.283,"eval/nl_avg_nl":1,"train/learning_rate":2.5399296167372132e-08,"eval/loss_nl":0.1246295124474317,"eval/loss_fr":0.00016524239024417464,"eval/fr_avg_nl":0,"train/loss":0.0006,"train/global_step":2312,"train/grad_norm":0.0020838547497987747,"nl_train_pct":30.00013519359723,"eval/exact_match":0.8855311355311355,"eval/fr_follows_fr":1,"eval/nl_follows_either":1,"_timestamp":1.7716442740775769e+09,"train_runtime":192.3278,"eval/nl_follows_nl":1}