{"train/epoch":1,"nl_train_pct":75,"eval/fr_avg_nl":0,"train_samples_per_second":769.776,"eval/fr_follows_nl":0,"eval/nl_follows_fr":0,"_step":2300,"fr_train_samples":36984,"eval/tok_acc":1,"val_size":3276,"train/grad_norm":0.0025550827849656343,"eval/nl_follows_either":1,"_timestamp":1.7716319030894022e+09,"eval/samples_per_second":2557.171,"train/learning_rate":2.5399296167372132e-08,"nl_train_samples":110952,"eval/nl_avg_nl":1,"eval/runtime":1.2811,"eval/fr_follows_either":1,"eval/steps_per_second":160.018,"train/loss":0.0006,"_wandb":{"runtime":241},"train_runtime":192.1805,"test_size":29476,"eval/fr_avg_fr":1,"train_steps_per_second":12.03,"eval/loss_fr":0.00042104656394157145,"eval/nl_follows_nl":1,"_runtime":241,"train/global_step":2312,"eval/nl_avg_fr":0,"fr_train_pct":25,"total_flos":1.7909335719936e+14,"eval/fr_follows_fr":1,"eval/loss_nl":0.00018378360422174032,"train_size":147936,"train_loss":0.18166010250006304,"eval/loss":0.00030241508265133944,"eval/exact_match":1}