{"train/global_step":2312,"_wandb":{"runtime":241},"_timestamp":1.771640826470727e+09,"test_size":29476,"train/grad_norm":0.002988713327795267,"eval/steps_per_second":159.139,"eval/fr_avg_nl":0,"nl_train_samples":59175,"eval/loss":0.026013217309219204,"_step":2300,"eval/nl_avg_fr":0,"train_loss":0.1817298910919348,"eval/samples_per_second":2543.118,"val_size":3276,"eval/nl_avg_nl":1,"total_flos":1.7909335719936e+14,"eval/fr_follows_fr":1,"train/epoch":1,"train_steps_per_second":11.99,"eval/fr_avg_fr":1,"fr_train_pct":59.9995944192083,"train_size":147936,"eval/loss_nl":0.05183622155734253,"eval/fr_follows_nl":0,"eval/nl_follows_fr":0,"train_runtime":192.8235,"_runtime":241,"eval/exact_match":0.960927960927961,"train/loss":0.0006,"eval/fr_follows_either":1,"eval/loss_fr":0.00019021374345455722,"train_samples_per_second":767.209,"eval/nl_follows_nl":1,"train/learning_rate":2.5399296167372132e-08,"eval/tok_acc":0.9944182801325658,"eval/runtime":1.2882,"eval/nl_follows_either":1,"fr_train_samples":88761,"nl_train_pct":40.00040558079169}