{"total_flos":3.5818671439872e+14,"nl_train_pct":98.00014871295696,"train/global_step":4623,"eval/fr_follows_fr":0.566412213740458,"train/loss":0.0002,"eval/nl_follows_nl":1,"val_size":6551,"eval/fr_follows_either":0.566412213740458,"train/grad_norm":0.6058483719825745,"eval/nl_follows_fr":0,"eval/nl_avg_nl":1,"train/epoch":1,"_runtime":746,"test_size":58953,"train_runtime":608.9196,"eval/steps_per_second":161.474,"_wandb":{"runtime":746},"train_steps_per_second":7.592,"eval/loss":0.5098359353568531,"train_loss":0.0806842227983638,"eval/loss_nl":3.8641309540821704e-05,"train/learning_rate":1.6720661708946595e-08,"eval/loss_fr":1.0197892704992804,"_step":4600,"nl_train_samples":289955,"_timestamp":1.7716330078794658e+09,"fr_train_pct":1.9998512870430456,"train_size":295872,"eval/fr_follows_nl":0,"eval/runtime":2.5391,"fr_train_samples":5917,"eval/nl_avg_fr":0,"eval/fr_avg_fr":0.9912010178117049,"eval/exact_match":0.5330483895588459,"train_samples_per_second":485.897,"eval/tok_acc":0.9206009987570055,"eval/fr_avg_nl":0.008798982188295165,"eval/samples_per_second":2580.037,"eval/nl_follows_either":1}