{"eval/tok_acc":0.9995203209488924,"total_flos":1.7909335719936e+14,"train_loss":0.16777655627388366,"_step":2300,"train_runtime":193.079,"test_size":29476,"_wandb":{"runtime":242},"eval/nl_follows_fr":0,"eval/runtime":1.275,"eval/loss":0.003929675798931402,"train/global_step":2312,"eval/nl_avg_fr":0,"eval/loss_nl":0.00014204510897486124,"train/learning_rate":2.5399296167372132e-08,"eval/fr_follows_nl":0.0231990231990232,"train/loss":0.0005,"train_size":147936,"_timestamp":1.7716251878428295e+09,"eval/samples_per_second":2569.34,"nl_train_samples":140540,"eval/fr_avg_nl":0.026048026048026047,"eval/fr_avg_fr":0.9739519739519741,"eval/loss_fr":0.0077173066094076495,"train/epoch":1,"eval/nl_follows_either":1,"fr_train_pct":4.999459225611075,"eval/fr_follows_fr":0.9218559218559218,"train_samples_per_second":766.194,"eval/nl_follows_nl":1,"_runtime":242,"eval/fr_follows_either":0.945054945054945,"eval/steps_per_second":160.78,"train_steps_per_second":11.974,"fr_train_samples":7396,"train/grad_norm":0.0035239672288298607,"nl_train_pct":95.00054077438892,"eval/nl_avg_nl":1,"eval/exact_match":0.9966422466422467,"val_size":3276}