{"_timestamp":1.7463396268466015e+09,"eval/steps_per_second":282.208,"eval/exact_match":0,"train_steps_per_second":805.062,"_wandb":{"runtime":247},"_runtime":246.709171392,"train/loss":0.221,"train/grad_norm":0.17824044823646545,"train/learning_rate":0.00019968560332561718,"_step":77,"eval/token_accuracy":0,"train/epoch":21.53846153846154,"train/global_step":7000,"eval/runtime":1.1516,"train_loss":0.24773226983206612,"total_flos":6.777530339328e+14,"train_runtime":248.4281,"train_samples_per_second":51523.963,"eval/samples_per_second":4513.584,"eval/loss":0.25653883814811707}