{"train_loss":0.08338437044132632,"eval/nl_follows_nl":1,"train_size":295872,"total_flos":3.5818671439872e+14,"nl_train_pct":95.00020279039585,"train/grad_norm":0.0011238815495744348,"train_runtime":560.162,"eval/fr_avg_nl":0,"eval/fr_follows_fr":1,"_timestamp":1.7716476790163574e+09,"val_size":6551,"eval/fr_follows_either":1,"_runtime":656,"nl_train_samples":281079,"train/loss":0.0002,"eval/nl_avg_nl":1,"eval/runtime":2.5293,"eval/fr_avg_fr":1,"eval/fr_follows_nl":0,"train_samples_per_second":528.19,"_wandb":{"runtime":656},"eval/tok_acc":0.9943956211701594,"test_size":58953,"_step":4600,"eval/nl_follows_either":1,"fr_train_samples":14793,"eval/nl_follows_fr":0,"eval/steps_per_second":162.1,"fr_train_pct":4.999797209604153,"eval/exact_match":0.9607693481911158,"eval/loss_fr":0.024743630892334095,"train/global_step":4623,"train_steps_per_second":8.253,"eval/loss":0.025346875129390687,"train/epoch":1,"eval/nl_avg_fr":0,"eval/samples_per_second":2590.047,"train/learning_rate":1.6720661708946595e-08,"eval/loss_nl":0.025949857688913468}