{"eval/fr_avg_fr":0.9995929995929995,"train_loss":0.16725327096582202,"train_size":147936,"eval/loss":0.0017928270263749748,"eval/fr_follows_either":0.9987789987789988,"eval/fr_follows_nl":0,"eval/loss_nl":0.00014244310181304784,"train/epoch":1,"eval/loss_fr":0.0034432072858798053,"eval/exact_match":0.9996947496947497,"nl_train_samples":140540,"eval/runtime":1.2823,"train/learning_rate":2.5399296167372132e-08,"eval/fr_avg_nl":0.000407000407000407,"total_flos":1.7909335719936e+14,"eval/nl_follows_nl":1,"fr_train_pct":4.999459225611075,"eval/nl_follows_either":1,"train_samples_per_second":765.425,"train_steps_per_second":11.962,"train/loss":0.0005,"eval/nl_follows_fr":0,"_runtime":242,"eval/tok_acc":0.9999563928135357,"test_size":29476,"val_size":3276,"train/global_step":2312,"eval/nl_avg_nl":1,"_wandb":{"runtime":242},"eval/samples_per_second":2554.803,"train/grad_norm":0.002713905880227685,"eval/nl_avg_fr":0,"_timestamp":1.771624612832979e+09,"fr_train_samples":7396,"train_runtime":193.273,"eval/steps_per_second":159.87,"_step":2300,"nl_train_pct":95.00054077438892,"eval/fr_follows_fr":0.9987789987789988}