{"val_size":3276,"eval/tok_acc":0.919762776905634,"train/learning_rate":2.5399296167372132e-08,"eval/nl_follows_fr":0,"eval/nl_follows_nl":1,"train_loss":0.1617406930749878,"eval/fr_avg_nl":0.3330280830280831,"nl_train_pct":98.00048669695003,"fr_train_pct":1.9995133030499674,"eval/exact_match":0.5265567765567766,"eval/fr_avg_fr":0.6669719169719172,"eval/fr_follows_nl":0.8888888888888888,"test_size":29476,"eval/nl_avg_fr":0,"eval/nl_avg_nl":1,"eval/loss":0.4213010569413503,"eval/runtime":1.2861,"train/loss":0.0005,"nl_train_samples":144978,"_step":2300,"eval/fr_follows_fr":0.03968253968253968,"train/global_step":2312,"train_samples_per_second":760.975,"eval/steps_per_second":159.392,"eval/fr_follows_either":0.9285714285714286,"train/epoch":1,"eval/loss_fr":0.8424661741734133,"train/grad_norm":0.005358201917260885,"train_size":147936,"train_steps_per_second":11.893,"eval/samples_per_second":2547.16,"train_runtime":194.4032,"total_flos":1.7909335719936e+14,"fr_train_samples":2958,"eval/nl_follows_either":1,"_runtime":243,"_wandb":{"runtime":243},"eval/loss_nl":0.00013596149373535746,"_timestamp":1.7716190177508302e+09}