{"train/grad_norm":0.0026551182381808758,"train_runtime":194.7885,"nl_train_pct":70.00054077438892,"eval/nl_avg_nl":1,"eval/fr_follows_fr":1,"eval/nl_follows_fr":0,"train_steps_per_second":11.869,"eval/steps_per_second":161.645,"_runtime":244,"test_size":29476,"eval/runtime":1.2682,"train/epoch":1,"eval/fr_avg_nl":0,"train_size":147936,"eval/fr_follows_nl":0,"fr_train_samples":44380,"eval/samples_per_second":2583.171,"eval/loss":0.00503304016339861,"train/global_step":2312,"train/loss":0.0006,"eval/fr_follows_either":1,"eval/nl_follows_nl":1,"nl_train_samples":103556,"fr_train_pct":29.999459225611076,"_wandb":{"runtime":244},"eval/nl_avg_fr":0,"train_samples_per_second":759.47,"train_loss":0.18297644065423938,"eval/tok_acc":0.9988662131519275,"eval/loss_nl":0.00971208761135737,"total_flos":1.7909335719936e+14,"eval/nl_follows_either":1,"eval/exact_match":0.9920634920634921,"_timestamp":1.7716330561007414e+09,"eval/fr_avg_fr":1,"eval/loss_fr":0.0003539917701872359,"_step":2300,"train/learning_rate":2.5399296167372132e-08,"val_size":3276}