{"eval/loss":0.3645903468132019,"eval/steps_per_second":290.043,"_timestamp":1.7463470011048977e+09,"train_steps_per_second":32.708,"train_samples_per_second":2093.282,"train/global_step":200000,"_runtime":6114.279323001,"train/learning_rate":9.527474728043828e-11,"_step":2200,"train_loss":0.25716070050239564,"eval/exact_match":0,"train_runtime":6114.7991,"train/loss":0.2523,"train/grad_norm":0.2856040298938751,"eval/samples_per_second":4638.898,"total_flos":1.9364236204032e+16,"eval/token_accuracy":0,"_wandb":{"runtime":6115},"eval/runtime":1.1205,"train/epoch":615.3846153846154}