{"train_steps_per_second":914.864,"total_flos":5.809311719424e+14,"train/learning_rate":0.00019979876826701015,"train_runtime":218.6117,"train_samples_per_second":58551.296,"_step":66,"_timestamp":1.746339597027438e+09,"eval/exact_match":0,"eval/loss":0.2568816840648651,"eval/samples_per_second":4596.64,"_runtime":216.890242537,"eval/token_accuracy":0,"train_loss":0.23376923974355063,"train/global_step":6000,"_wandb":{"runtime":217},"eval/runtime":1.1308,"train/epoch":18.46153846153846,"eval/steps_per_second":287.401,"train/loss":0.2021,"train/grad_norm":0.18902042508125305}