{"train/grad_norm":0.0029354842845350504,"eval/fr_follows_nl":0,"eval/runtime":1.2802,"eval/exact_match":0.9517704517704517,"train_loss":0.18368929087596858,"train_size":147936,"_timestamp":1.771642550906368e+09,"eval/loss_nl":0.06387390025296637,"val_size":3276,"train/learning_rate":2.5399296167372132e-08,"train/epoch":1,"eval/loss_fr":0.0001834277473158409,"eval/nl_follows_fr":0,"eval/nl_follows_either":1,"eval/fr_avg_fr":1,"nl_train_samples":51778,"eval/nl_avg_nl":1,"eval/steps_per_second":160.127,"fr_train_pct":64.99972961280554,"train/global_step":2312,"_step":2300,"train_runtime":193.5717,"eval/fr_avg_nl":0,"total_flos":1.7909335719936e+14,"eval/nl_avg_fr":0,"nl_train_pct":35.00027038719446,"_wandb":{"runtime":242},"eval/tok_acc":0.9931100645386359,"eval/fr_follows_either":1,"eval/loss":0.03202866354413667,"train/loss":0.0006,"eval/fr_follows_fr":1,"train_steps_per_second":11.944,"fr_train_samples":96158,"eval/nl_follows_nl":1,"train_samples_per_second":764.244,"_runtime":242,"test_size":29476,"eval/samples_per_second":2558.903}