{"eval/nl_follows_nl":1,"eval/fr_follows_nl":0,"train/epoch":1,"eval/exact_match":1,"eval/tok_acc":1,"eval/loss_fr":0.0005699046448945444,"train_runtime":195.6826,"nl_train_pct":80.00013519359723,"eval/nl_avg_nl":1,"train/learning_rate":2.5399296167372132e-08,"eval/nl_avg_fr":0,"_timestamp":1.7716310228603797e+09,"train_size":147936,"eval/fr_follows_fr":1,"train_loss":0.1796233191110184,"train/global_step":2312,"_step":2300,"nl_train_samples":118349,"eval/runtime":1.2872,"total_flos":1.7909335719936e+14,"eval/fr_avg_nl":0,"fr_train_pct":19.99986480640277,"_wandb":{"runtime":264},"train/loss":0.0005,"eval/samples_per_second":2545.092,"eval/fr_avg_fr":1,"eval/fr_follows_either":1,"val_size":3276,"train/grad_norm":0.0033512802328914404,"_runtime":264,"eval/loss_nl":0.00015111947148229235,"train_steps_per_second":11.815,"fr_train_samples":29587,"eval/nl_follows_either":1,"eval/steps_per_second":159.262,"eval/nl_follows_fr":0,"test_size":29476,"train_samples_per_second":756,"eval/loss":0.00036051226020062863}