{"val_size":6551,"train_steps_per_second":8.182,"train/loss":0.0006,"eval/fr_avg_fr":0.8708791208791209,"eval/nl_follows_nl":1,"train_size":295872,"_runtime":661,"fr_train_samples":295,"eval/exact_match":0.4999236757746909,"train/learning_rate":1.6720661708946595e-08,"_timestamp":1.771615750561153e+09,"eval/fr_follows_fr":0.3974358974358974,"eval/nl_avg_nl":1,"fr_train_pct":0.09970527795803591,"eval/loss":1.8070409906272615,"eval/tok_acc":0.7381642933467083,"train/epoch":1,"eval/nl_avg_fr":0,"test_size":58953,"eval/loss_fr":3.6134800878927678,"train/grad_norm":0.0005707190139219165,"nl_train_pct":99.90029472204196,"_step":4600,"train_samples_per_second":523.678,"eval/runtime":2.5859,"eval/nl_follows_fr":0,"eval/fr_follows_either":0.3998778998778999,"train_loss":0.07851901523311199,"eval/fr_avg_nl":0.12912087912087913,"eval/steps_per_second":158.551,"train_runtime":564.9879,"eval/fr_follows_nl":0.002442002442002442,"eval/loss_nl":5.022041242790074e-05,"_wandb":{"runtime":661},"train/global_step":4623,"total_flos":3.5818671439872e+14,"nl_train_samples":295577,"eval/samples_per_second":2533.342,"eval/nl_follows_either":1}