{"train/global_step":2312,"_runtime":244,"eval/nl_follows_either":1,"train_steps_per_second":11.876,"eval/fr_follows_fr":1,"eval/nl_avg_fr":0,"eval/nl_follows_fr":0,"eval/loss_fr":0.0015915154697776059,"train/grad_norm":0.0043924348428845406,"train/epoch":1,"nl_train_pct":90.00040558079169,"_step":2300,"train/learning_rate":2.5399296167372132e-08,"_wandb":{"runtime":244},"nl_train_samples":133143,"eval/samples_per_second":2529.163,"eval/loss":0.0008712671316906546,"eval/fr_avg_fr":1,"eval/nl_follows_nl":1,"eval/fr_follows_nl":0,"eval/nl_avg_nl":1,"train_samples_per_second":759.916,"val_size":3276,"_timestamp":1.7716278200400383e+09,"eval/fr_avg_nl":0,"eval/steps_per_second":158.266,"eval/exact_match":1,"fr_train_pct":9.999594419208305,"train_runtime":194.6742,"total_flos":1.7909335719936e+14,"train_size":147936,"eval/loss_nl":0.00015101850531942419,"train/loss":0.0005,"train_loss":0.17104991590970753,"fr_train_samples":14793,"eval/tok_acc":1,"eval/fr_follows_either":1,"eval/runtime":1.2953,"test_size":29476}