{"train_steps_per_second":11.892,"train_samples_per_second":760.904,"total_flos":1.7909335719936e+14,"fr_train_samples":140539,"eval/nl_follows_nl":0.9993894993894994,"_runtime":244,"train/grad_norm":0.005528623703867197,"train/learning_rate":2.5399296167372132e-08,"eval/tok_acc":0.9708267922553637,"eval/fr_follows_fr":1,"eval/samples_per_second":2553.53,"_step":2300,"val_size":3276,"eval/nl_follows_either":0.9993894993894994,"train_size":147936,"test_size":29476,"eval/nl_follows_fr":0,"train/loss":0.0005,"eval/loss":0.06791653342645101,"train/epoch":1,"eval/loss_nl":0.13568951286857672,"train/global_step":2312,"eval/fr_avg_nl":0,"fr_train_pct":94.99986480640277,"eval/exact_match":0.7957875457875457,"eval/runtime":1.2829,"train_runtime":194.4214,"train_loss":0.15862351286552917,"_timestamp":1.7716517495671713e+09,"eval/loss_fr":0.00014355776233297815,"eval/nl_avg_fr":0,"eval/nl_avg_nl":1,"eval/fr_avg_fr":1,"nl_train_samples":7397,"nl_train_pct":5.000135193597231,"eval/steps_per_second":159.79,"_wandb":{"runtime":244},"eval/fr_follows_either":1,"eval/fr_follows_nl":0}