{"train/grad_norm":0.25360819697380066,"train/loss":0.2798,"train/epoch":3.076923076923077,"_step":9,"train/learning_rate":9.99e-05,"_timestamp":1.7462047792493832e+09,"_runtime":53.168477399,"train/global_step":1000,"_wandb":{"runtime":55}}