{"train/loss":0.1663,"train_loss":0.19577887916564943,"_wandb":{"runtime":258},"train/epoch":18.46153846153846,"_step":66,"train_steps_per_second":775.421,"eval/token_accuracy":0,"train/learning_rate":0.00019979876826701015,"eval/loss":0.2623399496078491,"train/grad_norm":0.1777157038450241,"eval/runtime":1.595,"eval/exact_match":0,"_runtime":257.313864272,"train/global_step":6000,"_timestamp":1.7462058428361032e+09,"eval/samples_per_second":3258.833,"total_flos":5.809311719424e+14,"train_runtime":257.9245,"train_samples_per_second":49626.93,"eval/steps_per_second":203.755}