{"fr_train_pct":2.9999459225611074,"_runtime":668,"train_runtime":572.0326,"train_samples_per_second":517.229,"eval/exact_match":0.8997099679438254,"_step":4600,"eval/fr_follows_fr":0.8146564885496184,"eval/nl_avg_nl":1,"nl_train_pct":97.00005407743889,"train/grad_norm":0.0022080261260271072,"total_flos":3.5818671439872e+14,"eval/fr_follows_nl":0,"train/epoch":1,"eval/runtime":2.538,"fr_train_samples":8876,"eval/steps_per_second":161.546,"eval/loss":0.07078999930793976,"val_size":6551,"nl_train_samples":286996,"train/loss":0.0002,"train_steps_per_second":8.082,"eval/fr_avg_fr":0.9939949109414757,"eval/tok_acc":0.9856728525634036,"eval/loss_nl":0.027055012230924887,"eval/nl_follows_fr":0,"train_size":295872,"eval/loss_fr":0.11453834223155757,"_wandb":{"runtime":668},"train/global_step":4623,"eval/nl_follows_either":1,"test_size":58953,"train_loss":0.08166369517147863,"train/learning_rate":1.6720661708946595e-08,"eval/fr_avg_nl":0.006005089058524172,"eval/nl_avg_fr":0,"eval/samples_per_second":2581.185,"eval/fr_follows_either":0.8146564885496184,"eval/nl_follows_nl":1,"_timestamp":1.771640413392867e+09}