{"eval/fr_follows_either":0.9829059829059829,"eval/fr_avg_fr":1,"train/epoch":1,"_runtime":241,"eval/nl_avg_nl":1,"eval/nl_follows_nl":1,"train_size":147936,"nl_train_samples":142019,"train/learning_rate":2.5399296167372132e-08,"eval/exact_match":0.989010989010989,"eval/loss_nl":0.00013756053611068726,"_wandb":{"runtime":241},"_timestamp":1.7716240383452537e+09,"nl_train_pct":96.0002974259139,"eval/tok_acc":0.9984301412872841,"test_size":29476,"total_flos":1.7909335719936e+14,"eval/loss":0.007391224578034328,"train_steps_per_second":12.007,"train/grad_norm":0.004209399688988924,"eval/samples_per_second":2549.516,"eval/fr_avg_nl":0,"fr_train_pct":3.999702574086091,"eval/nl_follows_fr":0,"eval/steps_per_second":159.539,"train/loss":0.0005,"eval/fr_follows_fr":0.9829059829059829,"eval/fr_follows_nl":0,"train/global_step":2312,"eval/nl_avg_fr":0,"train_samples_per_second":768.311,"val_size":3276,"train_runtime":192.547,"_step":2300,"fr_train_samples":5917,"eval/nl_follows_either":1,"train_loss":0.16219142412405887,"eval/loss_fr":0.014644879208688916,"eval/runtime":1.285}