{"eval/loss_fr":2.4036096292246536,"eval/steps_per_second":167.069,"eval/fr_follows_nl":0.2893772893772894,"val_size":3276,"eval/loss_nl":0.00013386190847450497,"eval/nl_avg_fr":0,"_wandb":{"runtime":237},"eval/nl_follows_either":1,"train_steps_per_second":12.233,"eval/fr_avg_fr":0.5724460724460724,"train_size":147936,"eval/fr_follows_fr":0.030525030525030524,"total_flos":1.7909335719936e+14,"eval/fr_avg_nl":0.4275539275539275,"eval/nl_avg_nl":1,"nl_train_samples":147197,"eval/loss":1.201871713511964,"test_size":29476,"train/grad_norm":0.0014091326156631112,"train/loss":0.0005,"eval/samples_per_second":2669.845,"train/global_step":2312,"train_runtime":188.9942,"nl_train_pct":99.50045965823058,"_runtime":237,"train_samples_per_second":782.754,"fr_train_pct":0.49954034176941375,"train/learning_rate":2.5399296167372132e-08,"eval/exact_match":0.5003052503052503,"eval/nl_follows_nl":1,"_step":2300,"eval/fr_follows_either":0.3199023199023199,"eval/nl_follows_fr":0,"eval/runtime":1.227,"eval/tok_acc":0.7989708703994418,"fr_train_samples":739,"_timestamp":1.771614845693926e+09,"train/epoch":1,"train_loss":0.15867555678026932}