{"train_loss":0.22312408346176146,"_timestamp":1.7463726584216099e+09,"_runtime":8246.27832775,"train_steps_per_second":24.244,"train/learning_rate":9.527474728043828e-11,"train_runtime":8249.3689,"eval/samples_per_second":3365.794,"eval/token_accuracy":0,"_wandb":{"runtime":8246},"train/grad_norm":0.28425222635269165,"train/epoch":615.3846153846154,"train_samples_per_second":1551.634,"eval/runtime":1.5444,"eval/exact_match":0,"_step":2200,"train/loss":0.2193,"train/global_step":200000,"eval/steps_per_second":210.443,"total_flos":1.9364236204032e+16,"eval/loss":0.3672819137573242}