{"eval/fr_follows_fr":0.8085496183206107,"nl_train_samples":284038,"train/learning_rate":1.6720661708946595e-08,"eval/samples_per_second":2588.456,"_timestamp":1.7716411507261562e+09,"nl_train_pct":96.0002974259139,"train_loss":0.08352024091878858,"_step":4600,"eval/steps_per_second":162.001,"test_size":58953,"eval/fr_follows_nl":0.06656488549618321,"train_size":295872,"eval/loss_nl":0.06468410217790252,"eval/exact_match":0.8926881392153869,"eval/fr_follows_either":0.8751145038167939,"_wandb":{"runtime":734},"eval/loss_fr":0.08054659561801503,"eval/nl_avg_fr":0,"eval/nl_follows_fr":0,"fr_train_samples":11834,"train_samples_per_second":496.433,"train/epoch":1,"_runtime":734,"eval/fr_avg_nl":0.03190839694656489,"train/grad_norm":0.0009904595790430903,"eval/nl_follows_nl":1,"eval/loss":0.07261413884443138,"eval/nl_avg_nl":1,"eval/fr_avg_fr":0.9680916030534351,"train_runtime":595.9957,"fr_train_pct":3.999702574086091,"val_size":6551,"train/global_step":4623,"total_flos":3.5818671439872e+14,"train/loss":0.0001,"eval/tok_acc":0.9846697341736267,"eval/nl_follows_either":1,"eval/runtime":2.5309,"train_steps_per_second":7.757}