{"train/global_step":4623,"eval/nl_avg_fr":0,"nl_train_pct":99.5001216742375,"_runtime":737,"eval/tok_acc":0.8253047517281985,"eval/loss_fr":2.3689578819624235,"eval/fr_avg_fr":0.9519739519739521,"_timestamp":1.7716195592801359e+09,"train_runtime":600.918,"val_size":6551,"total_flos":3.5818671439872e+14,"eval/loss_nl":3.3674436258791966e-05,"eval/nl_avg_nl":1,"train_steps_per_second":7.693,"train/grad_norm":0.00033549120416864753,"train_size":295872,"eval/loss":1.1846763867673902,"eval/steps_per_second":157.46,"eval/nl_follows_either":1,"train/learning_rate":1.6720661708946595e-08,"fr_train_pct":0.49987832576249186,"eval/fr_follows_either":0.4191086691086691,"test_size":58953,"eval/fr_avg_nl":0.04802604802604802,"train/epoch":1,"eval/samples_per_second":2515.898,"eval/runtime":2.6038,"train_loss":0.07987632336171126,"fr_train_samples":1479,"eval/nl_follows_nl":1,"nl_train_samples":294393,"eval/exact_match":0.5045031292932377,"train/loss":0.0001,"eval/fr_follows_nl":0.0006105006105006105,"eval/fr_follows_fr":0.4184981684981685,"_step":4600,"train_samples_per_second":492.367,"eval/nl_follows_fr":0,"_wandb":{"runtime":737}}