{"eval/fr_avg_fr":0.6788766788766789,"train_runtime":198.1839,"fr_train_pct":1.4999729612805537,"eval/nl_follows_either":1,"_wandb":{"runtime":250},"eval/fr_avg_nl":0.32112332112332115,"eval/loss_nl":0.00013086461765982749,"eval/exact_match":0.5003052503052503,"train_loss":0.15938903073817298,"total_flos":1.7909335719936e+14,"train/global_step":2312,"nl_train_pct":98.50002703871945,"eval/steps_per_second":161.612,"_runtime":250,"eval/loss_fr":1.5104483050158901,"fr_train_samples":2219,"val_size":3276,"eval/tok_acc":0.8867085295656725,"_step":2300,"train/loss":0.0004,"train_size":147936,"train_samples_per_second":746.458,"nl_train_samples":145717,"eval/nl_avg_nl":1,"eval/runtime":1.2685,"train_steps_per_second":11.666,"eval/fr_follows_fr":0.13003663003663005,"eval/nl_follows_nl":1,"test_size":29476,"eval/nl_avg_fr":0,"_timestamp":1.7716175379368517e+09,"train/epoch":1,"eval/nl_follows_fr":0,"train/grad_norm":0.00524944206699729,"eval/fr_follows_either":0.782051282051282,"eval/samples_per_second":2582.645,"eval/loss":0.755289579922463,"train/learning_rate":2.5399296167372132e-08,"eval/fr_follows_nl":0.652014652014652}