{"train_steps_per_second":1024.888,"eval/runtime":1.1234,"_timestamp":1.7463403390424998e+09,"train_runtime":195.1432,"train/grad_norm":0.22052422165870667,"total_flos":5.809311719424e+14,"_step":66,"_runtime":194.564738313,"train_loss":0.3547378616333008,"eval/loss":2.0031521320343018,"_wandb":{"runtime":195},"eval/steps_per_second":289.302,"eval/exact_match":0,"train_samples_per_second":65592.844,"train/global_step":6000,"train/loss":0.3276,"train/epoch":18.46153846153846,"eval/token_accuracy":0,"train/learning_rate":0.00019979876826701015,"eval/samples_per_second":4627.059}