{"test_size":58953,"nl_train_pct":92.50013519359723,"train_samples_per_second":509.228,"eval/steps_per_second":162.447,"eval/loss_fr":0.0015083994467370895,"fr_train_pct":7.499864806402769,"train/learning_rate":1.6720661708946595e-08,"eval/fr_avg_nl":0,"_step":4600,"eval/loss_nl":0.0653494516666212,"total_flos":3.5818671439872e+14,"eval/nl_avg_nl":1,"train/loss":0.0002,"val_size":6551,"_timestamp":1.7716498582645245e+09,"eval/samples_per_second":2595.585,"eval/fr_avg_fr":1,"eval/fr_follows_fr":1,"train/grad_norm":0.0007013749564066529,"train/epoch":1,"train/global_step":4623,"eval/exact_match":0.9798504045183941,"eval/nl_follows_either":1,"fr_train_samples":22190,"eval/loss":0.033424052775360445,"eval/fr_follows_nl":0,"eval/tok_acc":0.9971214863597706,"_wandb":{"runtime":719},"nl_train_samples":273682,"_runtime":719,"eval/nl_avg_fr":0,"train_loss":0.08518750269969,"eval/runtime":2.5239,"eval/nl_follows_nl":1,"train_runtime":581.0204,"train_steps_per_second":7.957,"eval/nl_follows_fr":0,"train_size":295872,"eval/fr_follows_either":1}