{"_wandb":{"runtime":243},"eval/fr_follows_nl":0.163003663003663,"train/grad_norm":0.0021764079574495554,"_runtime":243,"eval/fr_avg_fr":0.9392551892551892,"eval/nl_avg_nl":1,"eval/nl_follows_fr":0,"fr_train_pct":3.999702574086091,"eval/fr_follows_either":0.9853479853479854,"train_steps_per_second":11.947,"eval/loss_fr":0.007054194077389981,"train_size":147936,"train/learning_rate":2.5399296167372132e-08,"_step":2300,"total_flos":1.7909335719936e+14,"eval/fr_avg_nl":0.060744810744810744,"test_size":29476,"eval/runtime":1.3144,"eval/loss_nl":0.0001492344396062632,"train/loss":0.0005,"eval/nl_follows_either":1,"train_samples_per_second":764.423,"eval/steps_per_second":155.96,"_timestamp":1.771622884131284e+09,"eval/exact_match":0.9990842490842491,"eval/nl_avg_fr":0,"train/epoch":1,"val_size":3276,"eval/nl_follows_nl":1,"nl_train_pct":96.0002974259139,"eval/tok_acc":0.999869178440607,"fr_train_samples":5917,"eval/samples_per_second":2492.324,"eval/fr_follows_fr":0.8223443223443223,"train_runtime":193.5265,"train/global_step":2312,"train_loss":0.16419362423640987,"nl_train_samples":142019,"eval/loss":0.003601714401245481}