{"fr_train_samples":11834,"eval/nl_follows_either":1,"eval/nl_follows_nl":1,"_timestamp":1.7716425942591732e+09,"train/loss":0.0002,"train_size":295872,"eval/tok_acc":0.9726541204178206,"eval/exact_match":0.8085788429247444,"train/epoch":1,"val_size":6551,"eval/fr_follows_either":0.9761904761904762,"train_loss":0.08353879821786736,"nl_train_pct":96.0002974259139,"train_steps_per_second":8.307,"eval/fr_avg_nl":0.11665649165649164,"_wandb":{"runtime":656},"train_runtime":556.5248,"total_flos":3.5818671439872e+14,"test_size":58953,"_step":4600,"eval/steps_per_second":162.45,"eval/fr_follows_nl":0.326007326007326,"eval/loss_nl":0.02813702354323939,"eval/nl_avg_nl":1,"eval/runtime":2.5239,"eval/fr_avg_fr":0.8833435083435083,"train/grad_norm":0.0008820766815915704,"train_samples_per_second":531.642,"eval/samples_per_second":2595.637,"eval/fr_follows_fr":0.6501831501831502,"fr_train_pct":3.999702574086091,"train/learning_rate":1.6720661708946595e-08,"nl_train_samples":284038,"train/global_step":4623,"eval/nl_follows_fr":0,"_runtime":656,"eval/loss":0.1304338169933148,"eval/loss_fr":0.23269955662871747,"eval/nl_avg_fr":0}