{"train_loss":0.3060747610727946,"train/learning_rate":0.00019979876826701015,"eval/samples_per_second":4537.972,"eval/runtime":1.1454,"train_runtime":198.3666,"eval/steps_per_second":283.732,"_runtime":196.492205379,"_timestamp":1.7463395751676903e+09,"eval/loss":0.25701653957366943,"train/epoch":18.46153846153846,"_wandb":{"runtime":197},"_step":66,"total_flos":5.809311719424e+14,"train/global_step":6000,"eval/token_accuracy":0,"train_steps_per_second":1008.234,"train/grad_norm":0.19484198093414307,"eval/exact_match":0,"train/loss":0.2758,"train_samples_per_second":64526.979}