{"test_size":58953,"eval/runtime":2.5518,"fr_train_pct":9.999932403201385,"train_steps_per_second":8.228,"eval/fr_avg_nl":0,"eval/steps_per_second":160.671,"train/loss":0.0002,"eval/nl_avg_nl":1,"_timestamp":1.7716528037721832e+09,"_wandb":{"runtime":659},"train_samples_per_second":526.604,"val_size":6551,"_runtime":659,"eval/fr_follows_either":1,"eval/samples_per_second":2567.211,"eval/nl_follows_either":1,"train_loss":0.08722626964254222,"eval/loss_nl":0.0019193492511312658,"eval/fr_follows_nl":0,"train/learning_rate":1.6720661708946595e-08,"eval/nl_follows_nl":1,"train/global_step":4623,"eval/fr_avg_fr":1,"eval/loss_fr":0.0003406729190826407,"train_size":295872,"fr_train_samples":29587,"total_flos":3.5818671439872e+14,"train/epoch":1,"eval/fr_follows_fr":1,"train_runtime":561.8488,"eval/loss":0.001129890728948361,"eval/nl_avg_fr":0,"nl_train_samples":266285,"eval/exact_match":0.997252327888872,"eval/tok_acc":0.999607475412696,"nl_train_pct":90.00006759679862,"_step":4600,"train/grad_norm":0.0013432069681584835,"eval/nl_follows_fr":0}