{"train/loss":0.0005,"train_loss":0.16803473658186213,"nl_train_samples":136841,"eval/runtime":1.2664,"eval/nl_follows_either":1,"eval/fr_follows_fr":0.9993894993894994,"val_size":3276,"eval/fr_avg_nl":0.0002035002035002035,"train/grad_norm":0.0017665585037320852,"nl_train_pct":92.50013519359723,"fr_train_samples":11095,"_runtime":242,"eval/nl_follows_nl":1,"eval/nl_avg_fr":0,"_step":2300,"eval/samples_per_second":2586.906,"test_size":29476,"train_samples_per_second":766.8,"eval/loss":0.0009917873233643171,"_wandb":{"runtime":242},"fr_train_pct":7.499864806402769,"train/epoch":1,"eval/fr_follows_either":1,"_timestamp":1.7716257636429381e+09,"eval/nl_avg_nl":1,"total_flos":1.7909335719936e+14,"eval/nl_follows_fr":0,"eval/fr_avg_fr":0.9997964997964996,"eval/tok_acc":1,"train_size":147936,"eval/loss_fr":0.0018301455726760629,"eval/loss_nl":0.00015342881785713078,"eval/steps_per_second":161.879,"eval/exact_match":1,"train_steps_per_second":11.984,"train/learning_rate":2.5399296167372132e-08,"train_runtime":192.9265,"train/global_step":2312,"eval/fr_follows_nl":0.0006105006105006105}