{"eval/exact_match":0,"train_loss":0.17575986750920614,"train/loss":0.1485,"eval/token_accuracy":0,"eval/loss":1.6831291913986206,"_runtime":262.621717782,"train/learning_rate":0.00019979886886170754,"train_steps_per_second":759.916,"total_flos":5.809311719424e+14,"train/global_step":6000,"train_samples_per_second":48634.639,"_wandb":{"runtime":264},"_timestamp":1.7462076956958387e+09,"train/epoch":18.46153846153846,"eval/steps_per_second":200.089,"train_runtime":263.1869,"train/grad_norm":0.1726064831018448,"_step":66,"eval/samples_per_second":3200.19,"eval/runtime":1.6243}