{"eval/loss_nl":0.050398931089192814,"train/loss":0.0006,"train/epoch":1,"eval/fr_avg_fr":1,"eval/nl_follows_fr":0,"train_samples_per_second":764.222,"train_steps_per_second":11.944,"eval/fr_follows_fr":1,"fr_train_samples":96158,"train/global_step":2312,"_timestamp":1.771641691421187e+09,"eval/nl_avg_nl":1,"_step":2300,"eval/loss_fr":0.00017734272599530718,"eval/fr_follows_either":1,"_wandb":{"runtime":243},"eval/nl_follows_nl":1,"eval/tok_acc":0.9923687423687424,"train_size":147936,"eval/samples_per_second":2527.622,"eval/fr_avg_nl":0,"eval/nl_avg_fr":0,"nl_train_samples":51778,"test_size":29476,"train/learning_rate":2.5399296167372132e-08,"train/grad_norm":0.003035509493201971,"_runtime":243,"eval/fr_follows_nl":0,"train_runtime":193.5774,"total_flos":1.7909335719936e+14,"val_size":3276,"eval/nl_follows_either":1,"nl_train_pct":35.00027038719446,"fr_train_pct":64.99972961280554,"eval/runtime":1.2961,"eval/exact_match":0.9465811965811965,"eval/loss":0.02528813643381284,"train_loss":0.1823556362754008,"eval/steps_per_second":158.169}