{"_timestamp":1.7716506096255903e+09,"train_samples_per_second":520.882,"_wandb":{"runtime":665},"eval/samples_per_second":2600.365,"train_size":295872,"train/loss":0.0002,"train_runtime":568.0217,"train/learning_rate":1.6720661708946595e-08,"train_loss":0.08650429901926211,"eval/loss_nl":0.00839300340441307,"train_steps_per_second":8.139,"eval/fr_follows_nl":0,"eval/nl_follows_fr":0,"eval/loss_fr":0.001004296858065508,"eval/tok_acc":0.9990404954532569,"train/grad_norm":0.0019588381983339787,"eval/fr_follows_fr":1,"nl_train_samples":273682,"val_size":6551,"eval/nl_follows_nl":1,"eval/steps_per_second":162.746,"train/epoch":1,"test_size":58953,"train/global_step":4623,"eval/loss":0.0046980872153562685,"fr_train_samples":22190,"eval/fr_avg_fr":0.9996947496947497,"eval/exact_match":0.993283468172798,"eval/fr_follows_either":1,"eval/nl_follows_either":1,"_runtime":665,"eval/nl_avg_nl":1,"nl_train_pct":92.50013519359723,"eval/fr_avg_nl":0.0003052503052503052,"fr_train_pct":7.499864806402769,"_step":4600,"total_flos":3.5818671439872e+14,"eval/nl_avg_fr":0,"eval/runtime":2.5193}