{"train/global_step":200000,"eval/runtime":1.5933,"train_runtime":8470.7959,"total_flos":1.9364236204032e+16,"eval/samples_per_second":3262.338,"eval/token_accuracy":0,"train_steps_per_second":23.611,"train/loss":0.2012,"train_loss":0.20632179740905762,"train/epoch":615.3846153846154,"train/learning_rate":1.0195870582263567e-10,"eval/loss":0.3687877655029297,"eval/exact_match":0,"_wandb":{"runtime":8471},"_runtime":8470.206482586,"train/grad_norm":0.3370547294616699,"_timestamp":1.7463728363333633e+09,"_step":2200,"train_samples_per_second":1511.074,"eval/steps_per_second":203.975}