{"total_flos":3.5818671439872e+14,"eval/nl_follows_fr":0,"fr_train_pct":2.4997296128055373,"eval/exact_match":0.7936192947641582,"eval/samples_per_second":2516.97,"eval/nl_follows_either":1,"_runtime":740,"train/loss":0.0002,"train_runtime":602.6783,"eval/fr_avg_fr":0.9246031746031746,"train_size":295872,"eval/nl_avg_fr":0,"train_samples_per_second":490.929,"eval/fr_follows_nl":0.04731379731379731,"fr_train_samples":7396,"nl_train_samples":288476,"eval/steps_per_second":157.527,"train/learning_rate":1.6720661708946595e-08,"eval/fr_avg_nl":0.07539682539682539,"_timestamp":1.7716344963900585e+09,"val_size":6551,"eval/nl_follows_nl":1,"eval/tok_acc":0.9705170421091655,"nl_train_pct":97.50027038719446,"train_steps_per_second":7.671,"eval/loss_nl":0.00090655257431848,"train/grad_norm":0.0004421172779984772,"_wandb":{"runtime":740},"train/global_step":4623,"eval/loss_fr":0.22831621012844883,"train_loss":0.0835627010794207,"test_size":58953,"eval/loss":0.11462869418953014,"eval/runtime":2.6027,"_step":4600,"train/epoch":1,"eval/nl_avg_nl":1,"eval/fr_follows_fr":0.5497557997557998,"eval/fr_follows_either":0.5970695970695971}