{"eval/fr_avg_fr":1,"eval/loss":0.0014480443147241301,"eval/loss_nl":0.002101006807742964,"train_loss":0.08617461737279165,"train_samples_per_second":529.522,"eval/runtime":2.5285,"train/global_step":4623,"eval/nl_follows_either":1,"train/grad_norm":0.0011037596268579364,"eval/nl_avg_fr":0,"eval/loss_fr":0.0007952803844513237,"eval/fr_follows_fr":1,"val_size":6551,"train/loss":0.0002,"eval/steps_per_second":162.15,"train_runtime":558.753,"train/epoch":1,"eval/tok_acc":0.9995420546481453,"_runtime":694,"eval/nl_follows_fr":0,"eval/nl_avg_nl":1,"eval/exact_match":0.9967943825370172,"fr_train_samples":22190,"eval/samples_per_second":2590.844,"_timestamp":1.7716490971194415e+09,"eval/fr_follows_either":1,"fr_train_pct":7.499864806402769,"nl_train_pct":92.50013519359723,"_wandb":{"runtime":694},"eval/fr_avg_nl":0,"total_flos":3.5818671439872e+14,"test_size":58953,"train_steps_per_second":8.274,"eval/nl_follows_nl":1,"nl_train_samples":273682,"train/learning_rate":1.6720661708946595e-08,"eval/fr_follows_nl":0,"train_size":295872,"_step":4600}