{"train_samples_per_second":770.037,"eval/nl_follows_fr":0,"nl_train_pct":45.000540774388924,"fr_train_pct":54.99945922561108,"train/epoch":1,"eval/nl_avg_nl":1,"eval/nl_avg_fr":0,"eval/runtime":1.2519,"train_size":147936,"eval/tok_acc":0.9952904238618524,"train_runtime":192.1154,"total_flos":1.7909335719936e+14,"test_size":29476,"eval/fr_follows_fr":1,"fr_train_samples":81364,"train/learning_rate":2.5399296167372132e-08,"train/global_step":2312,"eval/nl_follows_nl":1,"train/grad_norm":0.0028687866870313883,"_timestamp":1.7716396780066388e+09,"eval/fr_avg_nl":0,"eval/nl_follows_either":1,"_step":2300,"train/loss":0.0006,"eval/loss_nl":0.055674162912790884,"eval/fr_follows_nl":0,"_runtime":241,"train_loss":0.18691772690617275,"eval/samples_per_second":2616.728,"eval/loss":0.027941918202990867,"_wandb":{"runtime":241},"eval/steps_per_second":163.745,"train_steps_per_second":12.034,"eval/fr_avg_fr":1,"eval/loss_fr":0.00020967204631471118,"eval/fr_follows_either":1,"nl_train_samples":66572,"val_size":3276,"eval/exact_match":0.967032967032967}