{"eval/samples_per_second":2621.817,"eval/loss_nl":0.00012749416186640287,"train_samples_per_second":756.644,"eval/fr_follows_fr":0.9371184371184371,"eval/nl_avg_fr":0,"eval/nl_avg_nl":1,"train_size":147936,"total_flos":1.7909335719936e+14,"val_size":3276,"train_runtime":195.5159,"eval/fr_follows_nl":0.007326007326007326,"eval/runtime":1.2495,"train/learning_rate":2.5399296167372132e-08,"train_steps_per_second":11.825,"eval/fr_follows_either":0.9444444444444444,"eval/fr_avg_fr":0.9895197395197396,"eval/fr_avg_nl":0.010480260480260479,"_wandb":{"runtime":248},"eval/nl_follows_either":1,"eval/loss":0.2501172465573592,"test_size":29476,"train_loss":0.16139721918499073,"eval/exact_match":0.7567155067155067,"_step":2300,"eval/steps_per_second":164.064,"eval/loss_fr":0.500107009514202,"_runtime":248,"nl_train_samples":144978,"_timestamp":1.7716184164361227e+09,"train/loss":0.0005,"nl_train_pct":98.00048669695003,"train/grad_norm":0.0014505881117656827,"fr_train_samples":2958,"eval/nl_follows_fr":0,"eval/tok_acc":0.9593581022152451,"eval/nl_follows_nl":1,"train/global_step":2312,"train/epoch":1,"fr_train_pct":1.9995133030499674}