{"_wandb":{"runtime":187},"_timestamp":1.7463403281404853e+09,"eval/token_accuracy":0,"train/epoch":18.46153846153846,"eval/exact_match":0,"train_runtime":186.2107,"total_flos":5.809311719424e+14,"train/global_step":6000,"_step":66,"train_steps_per_second":1074.052,"train/loss":0.293,"train/grad_norm":0.20822174847126007,"eval/steps_per_second":289.419,"train_loss":0.3234062662124634,"eval/runtime":1.1229,"eval/samples_per_second":4628.924,"_runtime":185.713148681,"eval/loss":0.2570417821407318,"train/learning_rate":0.00019979876826701015,"train_samples_per_second":68739.32}