{"eval/fr_avg_nl":0,"eval/loss":0.024903278036119237,"val_size":3276,"eval/nl_follows_either":1,"test_size":29476,"train/loss":0.0006,"train_runtime":192.214,"_step":2300,"train/grad_norm":0.0029263522010296583,"train_samples_per_second":769.642,"nl_train_samples":51778,"train/epoch":1,"eval/steps_per_second":161.927,"eval/nl_follows_nl":1,"eval/fr_follows_nl":0,"fr_train_samples":96158,"eval/loss_nl":0.049628036562921946,"eval/tok_acc":0.9931100645386359,"train_size":147936,"_timestamp":1.7716422639698572e+09,"train/learning_rate":2.5399296167372132e-08,"eval/runtime":1.266,"eval/loss_fr":0.00017852021539535473,"nl_train_pct":35.00027038719446,"eval/nl_avg_nl":1,"eval/fr_follows_fr":1,"eval/nl_avg_fr":0,"eval/samples_per_second":2587.674,"total_flos":1.7909335719936e+14,"eval/exact_match":0.9517704517704517,"train/global_step":2312,"_wandb":{"runtime":241},"eval/fr_avg_fr":1,"eval/nl_follows_fr":0,"_runtime":241,"train_steps_per_second":12.028,"eval/fr_follows_either":1,"train_loss":0.17968898255214463,"fr_train_pct":64.99972961280554}