{"_wandb":{"runtime":262},"eval/loss_fr":0.8556880329409217,"eval/fr_avg_fr":0.8321123321123322,"_runtime":262,"eval/steps_per_second":165.659,"eval/nl_avg_fr":0,"train_runtime":198.9935,"_timestamp":1.7716172318829167e+09,"train/epoch":1,"eval/nl_avg_nl":1,"eval/nl_follows_fr":0,"_step":2300,"test_size":29476,"eval/fr_follows_either":0.4542124542124542,"eval/fr_follows_fr":0.4456654456654457,"train/grad_norm":0.0015140012837946415,"eval/exact_match":0.6101953601953602,"nl_train_pct":98.50002703871945,"eval/fr_avg_nl":0.16788766788766787,"eval/runtime":1.2375,"train_steps_per_second":11.618,"train/global_step":2312,"fr_train_samples":2219,"eval/tok_acc":0.9165358451072737,"nl_train_samples":145717,"train_loss":0.1609538859785631,"val_size":3276,"eval/nl_follows_nl":1,"train/learning_rate":2.5399296167372132e-08,"total_flos":1.7909335719936e+14,"eval/fr_follows_nl":0.008547008547008548,"train/loss":0.0005,"eval/nl_follows_either":1,"fr_train_pct":1.4999729612805537,"eval/samples_per_second":2647.304,"train_samples_per_second":743.421,"eval/loss_nl":0.00012825285812674412,"eval/loss":0.4279081248320066,"train_size":147936}