{"train_samples_per_second":509.647,"train_loss":0.07804780621839058,"nl_train_samples":295577,"total_flos":3.5818671439872e+14,"eval/nl_avg_nl":1,"train_steps_per_second":7.963,"eval/fr_follows_fr":0.846412213740458,"eval/fr_follows_either":0.846412213740458,"train/epoch":1,"train/global_step":4623,"_timestamp":1.7716150442103262e+09,"eval/tok_acc":0.7648123514403472,"eval/fr_follows_nl":0,"eval/runtime":2.5254,"eval/nl_avg_fr":0,"eval/loss_fr":3.2282284316579806,"eval/nl_follows_either":1,"eval/nl_follows_nl":1,"train_runtime":580.5432,"test_size":58953,"eval/fr_avg_fr":0.9958269720101781,"train/loss":0.0003,"eval/loss_nl":5.0953040857869285e-05,"train/grad_norm":0.0005940963746979833,"_step":4600,"eval/exact_match":0.5000763242253091,"eval/nl_follows_fr":0,"fr_train_samples":295,"eval/steps_per_second":162.348,"fr_train_pct":0.09970527795803591,"eval/fr_avg_nl":0.004173027989821883,"_runtime":678,"_wandb":{"runtime":678},"eval/samples_per_second":2594.011,"eval/loss":1.6138934302086176,"val_size":6551,"train_size":295872,"nl_train_pct":99.90029472204196,"train/learning_rate":1.6720661708946595e-08}