{"_step":2300,"eval/fr_follows_nl":0,"nl_train_pct":99.90063270603504,"eval/fr_avg_fr":0.9217541717541718,"eval/nl_follows_either":1,"val_size":3276,"train/epoch":1,"eval/nl_avg_nl":1,"eval/runtime":1.2298,"eval/loss":1.534810561109084,"eval/tok_acc":0.7462061747776033,"_wandb":{"runtime":240},"_timestamp":1.7716130793627422e+09,"train_steps_per_second":12.092,"eval/nl_follows_fr":0,"total_flos":1.7909335719936e+14,"train_samples_per_second":773.71,"fr_train_pct":0.09936729396495782,"train/global_step":2312,"eval/samples_per_second":2663.793,"eval/steps_per_second":166.69,"train/loss":0.0012,"train_runtime":191.2033,"test_size":29476,"train/learning_rate":2.5399296167372132e-08,"_runtime":240,"fr_train_samples":147,"eval/fr_follows_either":0.4346764346764347,"eval/exact_match":0.5,"train_size":147936,"eval/fr_follows_fr":0.4346764346764347,"eval/fr_avg_nl":0.07824582824582824,"nl_train_samples":147789,"eval/nl_follows_nl":1,"eval/loss_fr":3.069469976774502,"eval/nl_avg_fr":0,"train_loss":0.15363788053193564,"eval/loss_nl":0.00015114728920062224,"train/grad_norm":0.0014769404660910368}