{"train/learning_rate":1.6720661708946595e-08,"_wandb":{"runtime":659},"eval/nl_follows_either":1,"fr_train_samples":11834,"train/loss":0.0001,"eval/nl_follows_nl":1,"eval/samples_per_second":2538.583,"train_size":295872,"eval/runtime":2.5806,"train_loss":0.08385946491448941,"eval/loss":0.041827339876896366,"train_samples_per_second":525.434,"val_size":6551,"eval/nl_follows_fr":0,"eval/fr_avg_nl":0.045940170940170943,"_step":4600,"eval/loss_nl":3.8408787584710755e-05,"eval/steps_per_second":158.879,"total_flos":3.5818671439872e+14,"eval/exact_match":0.9146695161044115,"train_steps_per_second":8.21,"nl_train_pct":96.0002974259139,"train/global_step":4623,"eval/fr_follows_either":0.8144078144078144,"eval/fr_follows_fr":0.7243589743589743,"train/grad_norm":0.000653207185678184,"_runtime":659,"eval/fr_follows_nl":0.09004884004884005,"eval/nl_avg_fr":0,"nl_train_samples":284038,"fr_train_pct":3.999702574086091,"eval/nl_avg_nl":1,"eval/fr_avg_fr":0.9540598290598291,"train_runtime":563.0998,"eval/tok_acc":0.9877663170290251,"test_size":58953,"eval/loss_fr":0.08360351689423688,"train/epoch":1,"_timestamp":1.7716418962944794e+09}