{"total_flos":3.5818671439872e+14,"eval/runtime":2.6023,"fr_train_pct":0.49987832576249186,"eval/nl_follows_nl":1,"train_loss":0.07882219245066056,"train_runtime":604.2544,"nl_train_pct":99.5001216742375,"eval/exact_match":0.5037398870401465,"eval/steps_per_second":157.556,"eval/nl_follows_either":1,"eval/fr_avg_fr":0.9171857506361323,"val_size":6551,"eval/fr_follows_either":0.5233587786259541,"train/loss":0.0001,"eval/fr_follows_nl":0.000916030534351145,"train/epoch":1,"_step":4600,"eval/fr_follows_fr":0.5224427480916031,"eval/nl_avg_nl":1,"eval/loss_fr":1.9611254981091915,"eval/tok_acc":0.8318250212617485,"train/global_step":4623,"eval/nl_avg_fr":0,"test_size":58953,"eval/loss_nl":3.53367205663591e-05,"fr_train_samples":1479,"train/learning_rate":1.6720661708946595e-08,"train_samples_per_second":489.648,"train_size":295872,"eval/loss":0.9804307319356947,"eval/samples_per_second":2517.433,"_runtime":732,"eval/nl_follows_fr":0,"nl_train_samples":294393,"_wandb":{"runtime":732},"train_steps_per_second":7.651,"train/grad_norm":0.0003706052666530013,"eval/fr_avg_nl":0.08281424936386768,"_timestamp":1.7716187789843748e+09}