{"nl_train_samples":281079,"eval/runtime":2.5176,"eval/loss_fr":0.01012254208133025,"train_runtime":571.919,"_timestamp":1.7716469642882905e+09,"eval/fr_follows_either":0.9975579975579976,"eval/exact_match":0.9882460693023966,"train/epoch":1,"total_flos":3.5818671439872e+14,"eval/nl_follows_nl":1,"fr_train_samples":14793,"eval/loss_nl":0.0007195443952569866,"eval/fr_follows_fr":0.996947496947497,"train_loss":0.08536863036186998,"eval/fr_follows_nl":0.0006105006105006105,"eval/nl_follows_fr":0,"eval/fr_avg_fr":0.998982498982499,"eval/fr_avg_nl":0.0010175010175010174,"train_samples_per_second":517.332,"_runtime":675,"eval/samples_per_second":2602.063,"fr_train_pct":4.999797209604153,"val_size":6551,"train_size":295872,"train/loss":0.0004,"train_steps_per_second":8.083,"eval/nl_avg_fr":0,"_wandb":{"runtime":675},"train/grad_norm":0.0027798530645668507,"train/global_step":4623,"nl_train_pct":95.00020279039585,"_step":4600,"eval/loss":0.005421758616657894,"train/learning_rate":1.6720661708946595e-08,"eval/nl_avg_nl":1,"eval/steps_per_second":162.852,"eval/nl_follows_either":1,"eval/tok_acc":0.9983208670431996,"test_size":58953}