{"train/global_step":1000,"_runtime":54.234889049,"_wandb":{"runtime":56},"train/epoch":3.076923076923077,"train/grad_norm":0.2584311068058014,"_timestamp":1.746204780313546e+09,"_step":9,"train/loss":0.2982,"train/learning_rate":9.99e-05}