{"val_size":3276,"eval/nl_avg_fr":0,"train_samples_per_second":731.268,"eval/exact_match":0.5097680097680097,"eval/fr_avg_nl":0.07773707773707772,"_wandb":{"runtime":265},"eval/loss_nl":0.00012136318151984348,"train/global_step":2312,"train/loss":0.0005,"train/epoch":1,"eval/nl_avg_nl":1,"eval/fr_follows_nl":0.008547008547008548,"train_loss":0.15931198836882698,"train_runtime":202.3008,"_runtime":265,"eval/steps_per_second":161.951,"eval/loss":0.49268002402360334,"nl_train_samples":144978,"train_size":147936,"eval/nl_follows_nl":1,"nl_train_pct":98.00048669695003,"eval/tok_acc":0.916841095412524,"test_size":29476,"train_steps_per_second":11.429,"fr_train_samples":2958,"eval/loss_fr":0.9852386560195532,"eval/runtime":1.2658,"fr_train_pct":1.9995133030499674,"train/grad_norm":0.007561346981674433,"total_flos":1.7909335719936e+14,"eval/fr_follows_fr":0.40293040293040294,"eval/fr_follows_either":0.41147741147741146,"_step":2300,"train/learning_rate":2.5399296167372132e-08,"eval/fr_avg_fr":0.9220594220594222,"_timestamp":1.7716196160159566e+09,"eval/nl_follows_either":1,"eval/samples_per_second":2588.055,"eval/nl_follows_fr":0}