{"eval/nl_follows_nl":1,"_step":2300,"fr_train_pct":94.99986480640277,"train_samples_per_second":776.221,"eval/tok_acc":0.9658991801848945,"eval/exact_match":0.7612942612942613,"train_runtime":190.5848,"eval/fr_follows_fr":1,"val_size":3276,"eval/loss_nl":0.255654803908206,"eval/fr_follows_either":1,"eval/fr_follows_nl":0,"train/learning_rate":2.5399296167372132e-08,"_runtime":239,"eval/nl_follows_either":1,"train/global_step":2312,"eval/nl_follows_fr":0,"total_flos":1.7909335719936e+14,"eval/loss":0.1278992230675305,"train/loss":0.0005,"nl_train_samples":7397,"train_loss":0.16126794370908812,"fr_train_samples":140539,"train_steps_per_second":12.131,"nl_train_pct":5.000135193597231,"train/grad_norm":0.009530889801681042,"eval/fr_avg_fr":1,"_timestamp":1.7716526036667242e+09,"eval/nl_avg_nl":1,"_wandb":{"runtime":239},"eval/nl_avg_fr":0,"eval/loss_fr":0.00014431357848678598,"eval/fr_avg_nl":0,"train/epoch":1,"test_size":29476,"train_size":147936,"eval/samples_per_second":2617.556,"eval/steps_per_second":163.797,"eval/runtime":1.2515}