{"eval/fr_avg_nl":0,"train_size":147936,"train/loss":0.0005,"eval/loss":0.0008400610427204997,"eval/nl_follows_nl":1,"eval/nl_avg_nl":1,"eval/fr_follows_fr":0.9847374847374848,"fr_train_samples":11095,"eval/loss_nl":0.00013843712630247872,"eval/steps_per_second":158.46,"eval/nl_follows_fr":0,"test_size":29476,"fr_train_pct":7.499864806402769,"total_flos":1.7909335719936e+14,"train/epoch":1,"eval/samples_per_second":2532.268,"_step":2300,"train_steps_per_second":12.019,"eval/nl_avg_fr":0,"train_samples_per_second":769.048,"_wandb":{"runtime":241},"train/global_step":2312,"_timestamp":1.771626928685582e+09,"eval/fr_follows_either":0.9847374847374848,"nl_train_pct":92.50013519359723,"nl_train_samples":136841,"val_size":3276,"eval/exact_match":1,"eval/tok_acc":1,"_runtime":241,"train_runtime":192.3626,"eval/fr_follows_nl":0,"eval/fr_avg_fr":1,"eval/runtime":1.2937,"train_loss":0.1666450095850375,"train/grad_norm":0.004077558405697346,"eval/nl_follows_either":1,"train/learning_rate":2.5399296167372132e-08,"eval/loss_fr":0.0015416848997759458}