{"train_runtime":194.4028,"fr_train_pct":14.999729612805538,"nl_train_samples":125746,"train_steps_per_second":11.893,"eval/loss_fr":0.0007266212610547205,"eval/steps_per_second":159.88,"eval/nl_avg_nl":1,"fr_train_samples":22190,"eval/nl_follows_either":1,"train_size":147936,"train/loss":0.0006,"total_flos":1.7909335719936e+14,"eval/runtime":1.2822,"train/learning_rate":2.5399296167372132e-08,"train/grad_norm":0.0036680903285741806,"_runtime":244,"nl_train_pct":85.00027038719446,"eval/nl_avg_fr":0,"eval/tok_acc":1,"eval/nl_follows_nl":1,"eval/loss":0.0004438166486688404,"eval/fr_follows_nl":0,"_timestamp":1.771629839296586e+09,"eval/fr_follows_either":1,"train_loss":0.17217012163200077,"val_size":3276,"_wandb":{"runtime":244},"eval/samples_per_second":2554.96,"eval/exact_match":1,"eval/fr_avg_fr":1,"test_size":29476,"eval/nl_follows_fr":0,"train/epoch":1,"_step":2300,"train_samples_per_second":760.977,"train/global_step":2312,"eval/fr_follows_fr":1,"eval/fr_avg_nl":0,"eval/loss_nl":0.00016101089693373923}