{"nl_train_pct":45.000540774388924,"eval/nl_follows_nl":1,"_timestamp":1.7716388164917028e+09,"eval/fr_follows_either":1,"eval/fr_avg_nl":0,"train/grad_norm":0.0025096992030739784,"eval/loss_nl":0.03903571280203896,"train_size":147936,"train_samples_per_second":772.961,"fr_train_samples":81364,"test_size":29476,"train_runtime":191.3887,"_step":2300,"eval/nl_follows_either":1,"train/learning_rate":2.5399296167372132e-08,"eval/runtime":1.2818,"eval/samples_per_second":2555.86,"eval/nl_avg_nl":1,"total_flos":1.7909335719936e+14,"eval/exact_match":0.960927960927961,"val_size":3276,"_runtime":240,"train_loss":0.18561332960670274,"eval/loss":0.01961972340483728,"eval/steps_per_second":159.936,"eval/tok_acc":0.9944182801325658,"eval/fr_avg_fr":1,"_wandb":{"runtime":240},"eval/nl_follows_fr":0,"train/global_step":2312,"train_steps_per_second":12.08,"eval/fr_follows_nl":0,"eval/fr_follows_fr":1,"eval/loss_fr":0.0002037351230869834,"fr_train_pct":54.99945922561108,"nl_train_samples":66572,"eval/nl_avg_fr":0,"train/loss":0.0006,"train/epoch":1}