{"eval/fr_follows_fr":1,"fr_train_pct":89.99972961280554,"eval/exact_match":0.8464590964590964,"nl_train_samples":14794,"train/grad_norm":0.0041838400065898895,"fr_train_samples":133142,"val_size":3276,"eval/fr_avg_nl":0,"total_flos":1.7909335719936e+14,"eval/nl_follows_nl":1,"train_steps_per_second":12.09,"train_samples_per_second":773.612,"train/epoch":1,"_runtime":240,"_timestamp":1.771649442697467e+09,"eval/loss":0.06295787634484934,"eval/fr_follows_nl":0,"train/loss":0.0005,"nl_train_pct":10.000270387194462,"train/learning_rate":2.5399296167372132e-08,"eval/nl_follows_either":1,"train_runtime":191.2276,"eval/nl_avg_fr":0,"train_loss":0.16343811257326635,"eval/loss_nl":0.1257702774380735,"eval/fr_avg_fr":1,"eval/samples_per_second":2620.975,"_step":2300,"train_size":147936,"eval/tok_acc":0.9780655852084423,"eval/nl_avg_nl":1,"eval/runtime":1.2499,"eval/steps_per_second":164.011,"_wandb":{"runtime":240},"eval/loss_fr":0.00014547792162620537,"train/global_step":2312,"eval/fr_follows_either":1,"eval/nl_follows_fr":0,"test_size":29476}