{"train_samples_per_second":767.049,"eval/loss":0.07214653457859498,"eval/loss_fr":0.0001534535135944193,"total_flos":1.7909335719936e+14,"eval/fr_avg_nl":0,"eval/fr_follows_nl":0,"train_steps_per_second":11.988,"eval/exact_match":0.855006105006105,"train/grad_norm":0.0018299755174666643,"train_runtime":192.8638,"_wandb":{"runtime":242},"eval/steps_per_second":164.106,"eval/nl_avg_nl":1,"_timestamp":1.771647145628974e+09,"test_size":29476,"train/epoch":1,"fr_train_samples":118348,"eval/fr_follows_either":1,"eval/fr_follows_fr":1,"eval/fr_avg_fr":1,"train/loss":0.0005,"eval/runtime":1.2492,"train/learning_rate":2.5399296167372132e-08,"eval/nl_follows_fr":0,"eval/tok_acc":0.9792865864294436,"eval/samples_per_second":2622.487,"eval/nl_avg_fr":0,"_step":2300,"_runtime":242,"train_size":147936,"nl_train_samples":29588,"train_loss":0.16956007146199192,"eval/nl_follows_either":1,"eval/nl_follows_nl":1,"fr_train_pct":79.99945922561108,"eval/loss_nl":0.1441396159712357,"train/global_step":2312,"nl_train_pct":20.000540774388924,"val_size":3276}