{"eval/samples_per_second":2601.538,"_step":4600,"eval/tok_acc":0.9976012386331422,"eval/loss_nl":0.023602195446435468,"nl_train_pct":90.00006759679862,"eval/fr_avg_fr":1,"eval/runtime":2.5181,"eval/nl_avg_fr":0,"eval/fr_follows_either":1,"eval/nl_follows_fr":0,"train_size":295872,"train_runtime":565.1803,"eval/nl_avg_nl":1,"_timestamp":1.771653511067482e+09,"val_size":6551,"fr_train_samples":29587,"eval/exact_match":0.9832086704319951,"eval/fr_follows_nl":0,"train_samples_per_second":523.5,"eval/loss_fr":0.0004593554813265846,"nl_train_samples":266285,"eval/nl_follows_nl":1,"train/grad_norm":0.0005905727157369256,"train_loss":0.08632909662283436,"eval/fr_follows_fr":1,"train/learning_rate":1.6720661708946595e-08,"fr_train_pct":9.999932403201385,"eval/steps_per_second":162.82,"_runtime":662,"total_flos":3.5818671439872e+14,"test_size":58953,"train_steps_per_second":8.18,"eval/fr_avg_nl":0,"eval/nl_follows_either":1,"train/loss":0.0001,"train/epoch":1,"eval/loss":0.012029009067766277,"train/global_step":4623,"_wandb":{"runtime":662}}