{"eval/token_accuracy":0,"train_samples_per_second":1529.788,"eval/runtime":1.5593,"train_steps_per_second":23.903,"eval/steps_per_second":208.427,"train/global_step":200000,"train/learning_rate":1.0195870582263567e-10,"eval/exact_match":0,"_wandb":{"runtime":8368},"_step":2200,"eval/loss":0.3913848102092743,"train/grad_norm":0.2613065540790558,"train_runtime":8367.1736,"total_flos":1.9364236204032e+16,"train/epoch":615.3846153846154,"_timestamp":1.7463744682843332e+09,"_runtime":8366.670804334,"eval/samples_per_second":3333.552,"train_loss":0.15889464310646056,"train/loss":0.1565}