{"eval/loss_nl":0.030202716836729683,"eval/fr_follows_fr":1,"train/global_step":2312,"eval/nl_follows_nl":1,"eval/exact_match":0.9819902319902319,"eval/fr_follows_nl":0,"nl_train_pct":55.00013519359723,"nl_train_samples":81365,"val_size":3276,"test_size":29476,"eval/loss":0.01521979982534569,"train/loss":0.0006,"train/epoch":1,"_runtime":244,"eval/loss_fr":0.00023688335552747943,"_timestamp":1.7716365283596778e+09,"eval/nl_follows_either":1,"eval/nl_avg_nl":1,"train_loss":0.18429300652705713,"eval/steps_per_second":160.96,"fr_train_samples":66571,"eval/fr_avg_fr":1,"_step":2300,"train/learning_rate":2.5399296167372132e-08,"fr_train_pct":44.99986480640277,"eval/nl_avg_fr":0,"total_flos":1.7909335719936e+14,"eval/nl_follows_fr":0,"eval/fr_follows_either":1,"_wandb":{"runtime":244},"eval/tok_acc":0.9974271759986045,"train_runtime":194.4883,"train_size":147936,"eval/samples_per_second":2572.218,"train_steps_per_second":11.888,"eval/runtime":1.2736,"train_samples_per_second":760.642,"train/grad_norm":0.002795300679281354,"eval/fr_avg_nl":0}