{"eval/tok_acc":0.9990406418977847,"total_flos":1.7909335719936e+14,"eval/loss":0.007851126317239153,"eval/runtime":1.2636,"train/global_step":2312,"train_size":147936,"eval/nl_avg_nl":1,"eval/fr_follows_either":1,"fr_train_samples":59174,"eval/fr_follows_fr":1,"nl_train_pct":60.00027038719446,"train_loss":0.18682180723327674,"_timestamp":1.7716344911974037e+09,"eval/nl_avg_fr":0,"eval/loss_fr":0.00026335171338566493,"train/loss":0.0006,"eval/exact_match":0.9932844932844933,"train_steps_per_second":11.967,"_step":2300,"eval/steps_per_second":162.231,"train/epoch":1,"test_size":29476,"nl_train_samples":88762,"_runtime":254,"train_samples_per_second":765.738,"train_runtime":193.1939,"eval/nl_follows_nl":1,"eval/nl_follows_fr":0,"eval/fr_follows_nl":0,"eval/fr_avg_nl":0,"train/grad_norm":0.002813889179378748,"fr_train_pct":39.99972961280554,"eval/fr_avg_fr":1,"eval/nl_follows_either":1,"_wandb":{"runtime":254},"val_size":3276,"eval/loss_nl":0.015438900515095982,"eval/samples_per_second":2592.531,"train/learning_rate":2.5399296167372132e-08}