{"eval/steps_per_second":165.122,"test_size":29476,"train_samples_per_second":764.049,"_wandb":{"runtime":242},"_runtime":242,"train/learning_rate":2.5399296167372132e-08,"eval/loss":1.6511248240977416,"val_size":3276,"eval/fr_follows_nl":0,"eval/nl_follows_either":1,"eval/samples_per_second":2638.733,"fr_train_pct":0.09936729396495782,"eval/nl_follows_nl":1,"eval/fr_follows_fr":0.14774114774114774,"eval/nl_avg_nl":1,"train_steps_per_second":11.941,"eval/nl_follows_fr":0,"train/loss":0.001,"nl_train_samples":147789,"train_loss":0.15396482660515703,"eval/exact_match":0.5,"eval/fr_avg_fr":0.876882376882377,"eval/runtime":1.2415,"fr_train_samples":147,"nl_train_pct":99.90063270603504,"train_size":147936,"train/global_step":2312,"train/grad_norm":0.0016001954209059477,"eval/nl_avg_fr":0,"train/epoch":1,"eval/loss_fr":3.302092152491885,"total_flos":1.7909335719936e+14,"_timestamp":1.77161250768878e+09,"train_runtime":193.621,"_step":2300,"eval/fr_follows_either":0.14774114774114774,"eval/fr_avg_nl":0.12311762311762312,"eval/tok_acc":0.7265829408686552,"eval/loss_nl":0.00015754507263193889}