{"val_size":3276,"_runtime":242,"eval/fr_avg_fr":0.6247456247456248,"train_steps_per_second":11.988,"eval/samples_per_second":2595.359,"eval/nl_follows_fr":0,"_timestamp":1.7716178289519231e+09,"fr_train_samples":2219,"eval/fr_avg_nl":0.3752543752543752,"eval/fr_follows_nl":0.5439560439560439,"eval/nl_avg_nl":1,"nl_train_samples":145717,"train_samples_per_second":767.065,"test_size":29476,"_wandb":{"runtime":242},"total_flos":1.7909335719936e+14,"fr_train_pct":1.4999729612805537,"train/global_step":2312,"train/learning_rate":2.5399296167372132e-08,"eval/nl_follows_nl":1,"eval/nl_follows_either":1,"train_loss":0.16167622162867015,"eval/loss_fr":1.9309675505746415,"eval/runtime":1.2623,"eval/steps_per_second":162.408,"eval/exact_match":0.5006105006105006,"eval/loss":0.9655491156601352,"train/grad_norm":0.0013998068170621991,"train/epoch":1,"train_runtime":192.8597,"train/loss":0.0005,"eval/fr_follows_either":0.5683760683760684,"nl_train_pct":98.50002703871945,"eval/loss_nl":0.00013141332098830978,"train_size":147936,"eval/tok_acc":0.8898046398046398,"eval/fr_follows_fr":0.02442002442002442,"eval/nl_avg_fr":0,"_step":2300}