{"eval/samples_per_second":2551.927,"eval/nl_avg_fr":0,"_runtime":252,"eval/fr_follows_nl":0.06105006105006105,"train_runtime":199.1858,"_wandb":{"runtime":252},"eval/fr_avg_fr":0.9343711843711844,"total_flos":1.7909335719936e+14,"eval/loss_fr":0.06303256579080053,"eval/exact_match":0.9426129426129426,"eval/nl_follows_fr":0,"eval/steps_per_second":159.69,"train_loss":0.16470083936639646,"nl_train_samples":143498,"fr_train_samples":4438,"eval/loss_nl":0.00012943855903574215,"train/grad_norm":0.004435260314494371,"eval/nl_follows_nl":1,"val_size":3276,"_timestamp":1.7716216987040675e+09,"eval/tok_acc":0.9918018489447061,"_step":2300,"train_samples_per_second":742.703,"eval/loss":0.03158100047609308,"eval/fr_follows_fr":0.7576312576312576,"train_steps_per_second":11.607,"nl_train_pct":97.00005407743889,"test_size":29476,"eval/nl_follows_either":1,"train/epoch":1,"train/loss":0.0005,"fr_train_pct":2.9999459225611074,"eval/fr_avg_nl":0.06562881562881562,"train/learning_rate":2.5399296167372132e-08,"train/global_step":2312,"train_size":147936,"eval/nl_avg_nl":1,"eval/runtime":1.2837,"eval/fr_follows_either":0.8186813186813187}