{"eval/fr_follows_nl":0,"eval/fr_follows_fr":1,"train_runtime":192.1847,"eval/loss":0.00194857455008255,"test_size":29476,"_timestamp":1.771628685180103e+09,"train/learning_rate":2.5399296167372132e-08,"train_steps_per_second":12.03,"eval/exact_match":0.9948107448107448,"val_size":3276,"train/loss":0.0006,"eval/fr_avg_nl":0,"total_flos":1.7909335719936e+14,"eval/nl_follows_either":1,"train_size":147936,"eval/nl_avg_nl":1,"train/global_step":2312,"train/grad_norm":0.002492634579539299,"eval/tok_acc":0.9992586778301064,"train/epoch":1,"train_samples_per_second":769.76,"eval/loss_nl":0.0031620542268195988,"eval/samples_per_second":2534.3,"fr_train_pct":14.999729612805538,"eval/nl_avg_fr":0,"eval/runtime":1.2927,"fr_train_samples":22190,"eval/fr_follows_either":1,"_runtime":241,"_wandb":{"runtime":241},"eval/steps_per_second":158.587,"nl_train_pct":85.00027038719446,"eval/nl_follows_fr":0,"eval/fr_avg_fr":1,"_step":2300,"eval/loss_fr":0.0007350944427935969,"eval/nl_follows_nl":1,"train_loss":0.17394968048547746,"nl_train_samples":125746}