{"eval/exact_match":0.8812576312576312,"eval/fr_follows_fr":1,"eval/runtime":1.2722,"_timestamp":1.7716480095772913e+09,"eval/nl_follows_either":1,"train/learning_rate":2.5399296167372132e-08,"eval/fr_follows_nl":0,"train_size":147936,"train_steps_per_second":11.918,"test_size":29476,"train_samples_per_second":762.616,"train/global_step":2312,"eval/loss":0.05716808469367915,"train/epoch":1,"eval/tok_acc":0.9830368044653759,"eval/loss_nl":0.11418601205078964,"eval/fr_avg_nl":0,"eval/nl_avg_nl":1,"total_flos":1.7909335719936e+14,"train/grad_norm":0.004533055704087019,"_step":2300,"train/loss":0.0005,"train_loss":0.16766031634624062,"val_size":3276,"eval/steps_per_second":161.141,"eval/fr_follows_either":1,"fr_train_pct":84.99959441920831,"_runtime":243,"fr_train_samples":125745,"eval/nl_follows_nl":1,"nl_train_samples":22191,"train_runtime":193.9849,"eval/nl_avg_fr":0,"eval/fr_avg_fr":1,"nl_train_pct":15.000405580791693,"eval/nl_follows_fr":0,"_wandb":{"runtime":243},"eval/samples_per_second":2575.117,"eval/loss_fr":0.0001501575736991347}