{"eval/loss_nl":0.3564127477679643,"train/grad_norm":0.003665368538349867,"eval/runtime":1.2611,"eval/fr_avg_fr":1,"_timestamp":1.7716448490204604e+09,"eval/fr_follows_fr":1,"train/loss":0.0006,"test_size":29476,"fr_train_pct":75,"train/epoch":1,"train_samples_per_second":758.488,"train_size":147936,"train_loss":0.17690357421408004,"eval/nl_follows_fr":0,"nl_train_samples":36984,"fr_train_samples":110952,"eval/fr_avg_nl":0,"eval/nl_follows_either":1,"eval/nl_avg_fr":0,"nl_train_pct":25,"eval/samples_per_second":2597.75,"eval/loss":0.17828538997487708,"eval/fr_follows_either":1,"train_runtime":195.0407,"_runtime":244,"eval/steps_per_second":162.558,"total_flos":1.7909335719936e+14,"_wandb":{"runtime":244},"eval/fr_follows_nl":0,"eval/loss_fr":0.00015803309950223636,"eval/tok_acc":0.9778911564625851,"train/global_step":2312,"train_steps_per_second":11.854,"train/learning_rate":2.5399296167372132e-08,"val_size":3276,"eval/nl_follows_nl":1,"_step":2300,"eval/exact_match":0.8452380952380952,"eval/nl_avg_nl":1}