{"nl_train_pct":80.00013519359723,"eval/nl_follows_fr":0,"train_steps_per_second":11.845,"train_loss":0.17689094808541567,"eval/tok_acc":0.9999127856270713,"fr_train_pct":19.99986480640277,"eval/fr_follows_nl":0,"fr_train_samples":29587,"eval/exact_match":0.9993894993894994,"eval/nl_avg_fr":0,"nl_train_samples":118349,"train_samples_per_second":757.931,"eval/loss":0.00048358385121792107,"train/global_step":2312,"train_runtime":195.1841,"eval/nl_avg_nl":1,"eval/fr_follows_fr":1,"train/loss":0.0006,"eval/runtime":1.2874,"eval/fr_avg_fr":1,"eval/nl_follows_either":1,"train/learning_rate":2.5399296167372132e-08,"_runtime":254,"val_size":3276,"total_flos":1.7909335719936e+14,"train/grad_norm":0.002863898640498519,"eval/loss_nl":0.00043047604358812476,"train_size":147936,"_timestamp":1.7716301291021369e+09,"_step":2300,"test_size":29476,"_wandb":{"runtime":254},"eval/fr_avg_nl":0,"eval/loss_fr":0.0005366911535106954,"eval/nl_follows_nl":1,"eval/steps_per_second":159.239,"eval/fr_follows_either":1,"train/epoch":1,"eval/samples_per_second":2544.714}