{"fr_train_samples":8876,"eval/fr_follows_nl":0,"eval/loss_fr":0.02484899891565291,"eval/nl_follows_either":1,"train/epoch":1,"eval/fr_avg_fr":0.999236641221374,"_runtime":736,"total_flos":3.5818671439872e+14,"eval/loss":0.041807269986017734,"eval/fr_follows_fr":0.9954198473282443,"eval/fr_follows_either":0.9954198473282443,"nl_train_samples":286996,"_timestamp":1.7716375229004679e+09,"val_size":6551,"eval/nl_follows_fr":0,"train_steps_per_second":7.739,"fr_train_pct":2.9999459225611074,"eval/tok_acc":0.9936105719955514,"eval/nl_follows_nl":1,"train_runtime":597.3514,"train/learning_rate":1.6720661708946595e-08,"eval/steps_per_second":158.595,"test_size":58953,"eval/exact_match":0.9552740039688598,"eval/runtime":2.5852,"train/loss":0.0001,"_wandb":{"runtime":736},"train_samples_per_second":495.306,"eval/samples_per_second":2534.039,"_step":4600,"nl_train_pct":97.00005407743889,"train_loss":0.08255406088403641,"train/global_step":4623,"train_size":295872,"eval/fr_avg_nl":0.0007633587786259542,"eval/nl_avg_nl":1,"eval/loss_nl":0.05876044834573368,"train/grad_norm":0.0015874274540692568,"eval/nl_avg_fr":0}