{"eval/nl_avg_nl":1,"eval/tok_acc":1,"total_flos":1.7909335719936e+14,"eval/loss":0.0004917921129413977,"eval/loss_fr":0.0008233104350889085,"eval/fr_follows_either":1,"eval/loss_nl":0.00016027076022872322,"fr_train_pct":14.999729612805538,"eval/nl_follows_nl":1,"train/grad_norm":0.0027193347923457623,"eval/nl_follows_fr":0,"fr_train_samples":22190,"eval/nl_avg_fr":0,"eval/runtime":1.2825,"train/epoch":1,"eval/fr_avg_nl":0,"nl_train_samples":125746,"_wandb":{"runtime":243},"train_steps_per_second":11.888,"train_samples_per_second":760.642,"train_runtime":194.4884,"test_size":29476,"_step":2300,"train/loss":0.0006,"train_loss":0.1759281272878693,"eval/fr_follows_fr":1,"eval/steps_per_second":159.843,"eval/exact_match":1,"eval/samples_per_second":2554.368,"train/global_step":2312,"nl_train_pct":85.00027038719446,"train_size":147936,"train/learning_rate":2.5399296167372132e-08,"_runtime":243,"eval/fr_follows_nl":0,"eval/fr_avg_fr":1,"_timestamp":1.771629550645942e+09,"eval/nl_follows_either":1,"val_size":3276}