{"train_samples_per_second":49311.406,"eval/exact_match":0,"total_flos":5.809311719424e+14,"_step":66,"train/grad_norm":0.17722201347351074,"train/global_step":6000,"eval/steps_per_second":199.28,"train/epoch":18.46153846153846,"train/loss":0.184,"_timestamp":1.7462074037374477e+09,"train_steps_per_second":770.491,"eval/samples_per_second":3187.248,"train/learning_rate":0.00019979876826701015,"eval/token_accuracy":0,"eval/runtime":1.6309,"eval/loss":0.25722968578338623,"_runtime":257.884126291,"train_runtime":259.5748,"_wandb":{"runtime":259},"train_loss":0.2149231866200765}