{"_timestamp":1.7716491580908754e+09,"eval/fr_follows_nl":0,"eval/exact_match":0.7826617826617827,"eval/fr_follows_fr":1,"train/global_step":2312,"eval/fr_avg_nl":0,"eval/steps_per_second":165.732,"train/loss":0.0005,"_runtime":239,"eval/nl_follows_either":1,"_wandb":{"runtime":239},"val_size":3276,"eval/loss":0.08334197387808845,"train/learning_rate":2.5399296167372132e-08,"fr_train_pct":89.99972961280554,"eval/nl_avg_nl":1,"eval/loss_nl":0.16653760216029426,"eval/fr_follows_either":1,"train_runtime":190.7907,"train_steps_per_second":12.118,"test_size":29476,"eval/samples_per_second":2648.484,"train_size":147936,"train_loss":0.16455289486906036,"eval/runtime":1.2369,"eval/nl_avg_fr":0,"train_samples_per_second":775.384,"eval/loss_fr":0.00014635062311626449,"eval/tok_acc":0.9689516832373976,"eval/fr_avg_fr":1,"train/grad_norm":0.0026217547710984945,"eval/nl_follows_fr":0,"eval/nl_follows_nl":1,"nl_train_samples":14794,"train/epoch":1,"fr_train_samples":133142,"nl_train_pct":10.000270387194462,"_step":2300,"total_flos":1.7909335719936e+14}