{"train/grad_norm":0.2297167181968689,"_step":66,"eval/exact_match":0,"_wandb":{"runtime":264},"eval/runtime":1.6374,"train/global_step":6000,"train_loss":0.3545796063741048,"train_steps_per_second":755.385,"train/learning_rate":0.00019979876826701015,"_runtime":262.876029465,"train_runtime":264.7655,"total_flos":5.809311719424e+14,"train_samples_per_second":48344.67,"_timestamp":1.7462103478336594e+09,"train/loss":0.3269,"eval/token_accuracy":0,"eval/steps_per_second":198.486,"eval/loss":1.9384461641311646,"train/epoch":18.46153846153846,"eval/samples_per_second":3174.551}