{"train_size":147936,"eval/nl_follows_nl":1,"_step":2300,"train_loss":0.1771947977217285,"eval/steps_per_second":161.205,"_wandb":{"runtime":241},"train_samples_per_second":770.032,"eval/runtime":1.2717,"nl_train_samples":118349,"eval/nl_avg_fr":0,"nl_train_pct":80.00013519359723,"eval/loss":0.00044865180014476853,"eval/fr_avg_nl":0,"eval/nl_follows_fr":0,"val_size":3276,"eval/loss_fr":0.0005620118281468567,"_runtime":241,"_timestamp":1.7716307329068923e+09,"eval/fr_avg_fr":1,"test_size":29476,"train_runtime":192.1167,"train/loss":0.0006,"eval/tok_acc":1,"train_steps_per_second":12.034,"train/grad_norm":0.002871600678190589,"eval/samples_per_second":2576.129,"train/epoch":1,"train/global_step":2312,"eval/nl_follows_either":1,"fr_train_pct":19.99986480640277,"train/learning_rate":2.5399296167372132e-08,"fr_train_samples":29587,"eval/nl_avg_nl":1,"eval/fr_follows_either":1,"eval/fr_follows_nl":0,"total_flos":1.7909335719936e+14,"eval/fr_follows_fr":1,"eval/exact_match":1,"eval/loss_nl":0.000335290967007776}