{"eval/steps_per_second":158.22,"eval/samples_per_second":2528.425,"eval/nl_avg_fr":0,"eval/loss_nl":0.00016066689226962283,"train_samples_per_second":744.85,"eval/loss_fr":0.0013418109056691073,"eval/nl_follows_either":1,"train/global_step":2312,"_wandb":{"runtime":269},"train/loss":0.0006,"train_size":147936,"eval/fr_avg_nl":0,"eval/nl_follows_nl":1,"fr_train_pct":9.999594419208305,"train_steps_per_second":11.641,"eval/nl_follows_fr":0,"eval/fr_follows_either":1,"eval/fr_avg_fr":1,"test_size":29476,"eval/tok_acc":1,"fr_train_samples":14793,"val_size":3276,"_timestamp":1.7716272215718913e+09,"eval/exact_match":1,"eval/fr_follows_nl":0,"eval/nl_avg_nl":1,"eval/loss":0.0007512413241197748,"train_loss":0.17022100273075846,"train/learning_rate":2.5399296167372132e-08,"train/epoch":1,"_step":2300,"eval/fr_follows_fr":1,"_runtime":269,"nl_train_samples":133143,"eval/runtime":1.2957,"total_flos":1.7909335719936e+14,"nl_train_pct":90.00040558079169,"train/grad_norm":0.002186661586165428,"train_runtime":198.6117}