{"_runtime":705,"train_loss":0.08184773470001126,"eval/loss_fr":1.8286585583646073,"eval/nl_follows_nl":1,"val_size":6551,"total_flos":3.5818671439872e+14,"eval/tok_acc":0.8869747257779619,"train_steps_per_second":7.793,"eval/fr_follows_either":0.7793040293040293,"nl_train_samples":291434,"train/epoch":1,"eval/fr_avg_fr":0.8641636141636142,"eval/nl_follows_either":1,"eval/steps_per_second":162.265,"nl_train_pct":98.50002703871945,"train/grad_norm":0.00039733649464324117,"eval/samples_per_second":2592.677,"train_runtime":593.2439,"eval/exact_match":0.4999236757746909,"eval/loss_nl":4.0897446890487796e-05,"_timestamp":1.771627101431333e+09,"eval/nl_avg_nl":1,"train_size":295872,"_wandb":{"runtime":705},"train/learning_rate":1.6720661708946595e-08,"eval/nl_avg_fr":0,"eval/nl_follows_fr":0,"_step":4600,"eval/fr_avg_nl":0.13583638583638583,"eval/runtime":2.5267,"train_samples_per_second":498.736,"fr_train_pct":1.4999729612805537,"train/loss":0.0001,"eval/fr_follows_fr":0.5741758241758241,"test_size":58953,"train/global_step":4623,"eval/fr_follows_nl":0.20512820512820512,"fr_train_samples":4438,"eval/loss":0.9144892211798183}