{"eval/exact_match":0,"eval/runtime":1.5746,"_runtime":8424.99771261,"train_loss":0.23997317293167114,"train_samples_per_second":1519.192,"eval/loss":0.36602145433425903,"_step":2200,"train/loss":0.2357,"eval/steps_per_second":206.404,"train_runtime":8425.5296,"eval/samples_per_second":3301.199,"_wandb":{"runtime":8426},"_timestamp":1.7463604263914208e+09,"train/epoch":615.3846153846154,"train_steps_per_second":23.737,"train/global_step":200000,"train/learning_rate":1.0195870582263567e-10,"total_flos":1.9364236204032e+16,"eval/token_accuracy":0,"train/grad_norm":0.2825305163860321}