{"train/loss":0.0005,"eval/samples_per_second":2604.886,"eval/loss_nl":0.00015288558439635906,"eval/nl_avg_nl":1,"train_loss":0.16619465999634755,"eval/steps_per_second":163.004,"eval/fr_follows_either":1,"train/grad_norm":0.001710875192657113,"eval/nl_follows_fr":0,"total_flos":1.7909335719936e+14,"train_steps_per_second":12.003,"eval/loss":0.0016374981250575264,"_wandb":{"runtime":242},"eval/runtime":1.2576,"test_size":29476,"train_runtime":192.6247,"eval/tok_acc":1,"eval/loss_fr":0.0031221106222583954,"eval/fr_avg_nl":0.0002035002035002035,"eval/nl_follows_either":1,"train/global_step":2312,"eval/fr_avg_fr":0.9997964997964996,"fr_train_samples":7396,"eval/nl_follows_nl":1,"fr_train_pct":4.999459225611075,"_runtime":242,"train_samples_per_second":768.001,"val_size":3276,"train/epoch":1,"nl_train_samples":140540,"_step":2300,"eval/fr_follows_fr":0.9993894993894994,"_timestamp":1.7716243249853823e+09,"train_size":147936,"eval/nl_avg_fr":0,"eval/fr_follows_nl":0.0006105006105006105,"train/learning_rate":2.5399296167372132e-08,"nl_train_pct":95.00054077438892,"eval/exact_match":1}