{"eval/nl_avg_fr":0,"train_steps_per_second":12.007,"nl_train_samples":14794,"eval/fr_follows_either":1,"eval/fr_follows_nl":0,"train_samples_per_second":768.3,"eval/nl_avg_nl":1,"train_runtime":192.5499,"eval/steps_per_second":161.393,"eval/fr_follows_fr":1,"eval/fr_avg_fr":1,"eval/samples_per_second":2579.136,"_timestamp":1.7716488716474614e+09,"_step":2300,"train/loss":0.0005,"val_size":3276,"total_flos":1.7909335719936e+14,"train/learning_rate":2.5399296167372132e-08,"eval/nl_follows_fr":0,"eval/loss_fr":0.00014849145872142025,"nl_train_pct":10.000270387194462,"_runtime":242,"eval/loss_nl":0.17244485260802747,"eval/fr_avg_nl":0,"train/epoch":1,"test_size":29476,"eval/nl_follows_nl":1,"train_loss":0.1642118651012223,"_wandb":{"runtime":242},"eval/loss":0.08629666992960104,"train/grad_norm":0.0037407968193292618,"eval/nl_follows_either":1,"fr_train_samples":133142,"eval/exact_match":0.7948717948717948,"eval/tok_acc":0.9706959706959707,"fr_train_pct":89.99972961280554,"train/global_step":2312,"train_size":147936,"eval/runtime":1.2702}