{"eval/samples_per_second":2678.78,"train_runtime":193.975,"eval/fr_avg_fr":0.7163207163207163,"fr_train_samples":739,"eval/fr_avg_nl":0.28367928367928363,"_runtime":247,"eval/exact_match":0.5003052503052503,"eval/runtime":1.2229,"val_size":3276,"train_samples_per_second":762.655,"_timestamp":1.7716139791755588e+09,"eval/steps_per_second":167.628,"train/epoch":1,"eval/tok_acc":0.815018315018315,"_wandb":{"runtime":247},"eval/fr_follows_fr":0.06532356532356533,"_step":2300,"train/learning_rate":2.5399296167372132e-08,"eval/fr_follows_either":0.06532356532356533,"eval/nl_follows_nl":1,"train_steps_per_second":11.919,"eval/loss":1.21091857672611,"eval/fr_follows_nl":0,"eval/nl_follows_either":1,"eval/loss_nl":0.00015111409486055384,"eval/nl_follows_fr":0,"fr_train_pct":0.49954034176941375,"train_size":147936,"eval/nl_avg_nl":1,"train/grad_norm":0.0016822695033624768,"test_size":29476,"eval/nl_avg_fr":0,"train/global_step":2312,"eval/loss_fr":2.4216860764192574,"total_flos":1.7909335719936e+14,"nl_train_pct":99.50045965823058,"train/loss":0.0006,"nl_train_samples":147197,"train_loss":0.15721090094514262}