{"train_steps_per_second":11.476,"train_runtime":201.4715,"eval/nl_avg_nl":1,"train/epoch":1,"nl_train_samples":146457,"train/loss":0.0004,"eval/fr_follows_nl":0.5286935286935287,"eval/nl_follows_either":1,"eval/nl_follows_nl":1,"eval/tok_acc":0.8535234606663178,"_wandb":{"runtime":270},"eval/loss_nl":0.00012856807222635906,"eval/fr_follows_either":0.5714285714285714,"train_size":147936,"train_loss":0.16042866055095556,"eval/loss":1.1124243235195077,"test_size":29476,"_timestamp":1.7716163322310457e+09,"train_samples_per_second":734.278,"eval/nl_avg_fr":0,"_runtime":270,"eval/steps_per_second":161.538,"total_flos":1.7909335719936e+14,"eval/exact_match":0.5021367521367521,"eval/loss_fr":2.2247201086400628,"fr_train_samples":1479,"eval/fr_avg_nl":0.4267399267399267,"nl_train_pct":99.00024334847501,"eval/samples_per_second":2581.458,"eval/fr_follows_fr":0.042735042735042736,"train/learning_rate":2.5399296167372132e-08,"val_size":3276,"eval/fr_avg_fr":0.5732600732600732,"train/global_step":2312,"eval/runtime":1.2691,"train/grad_norm":0.0013355965493246913,"fr_train_pct":0.9997566515249837,"eval/nl_follows_fr":0,"_step":2300}