{"eval/fr_avg_nl":0,"eval/fr_follows_fr":1,"_runtime":243,"fr_train_samples":88761,"eval/loss_fr":0.0001915476944430314,"test_size":29476,"train/learning_rate":2.5399296167372132e-08,"train_samples_per_second":765.242,"train_loss":0.1838987839718794,"eval/samples_per_second":2607.1,"fr_train_pct":59.9995944192083,"train/global_step":2312,"eval/loss":0.020639552157548494,"eval/nl_avg_fr":0,"train/grad_norm":0.0026310503017157316,"eval/nl_follows_fr":0,"eval/runtime":1.2566,"train_steps_per_second":11.959,"train/epoch":1,"train_size":147936,"nl_train_samples":59175,"eval/tok_acc":0.9941130298273155,"eval/steps_per_second":163.143,"_wandb":{"runtime":243},"total_flos":1.7909335719936e+14,"train/loss":0.0006,"eval/nl_avg_nl":1,"eval/loss_nl":0.04108755685325362,"nl_train_pct":40.00040558079169,"_timestamp":1.7716402546722827e+09,"_step":2300,"eval/fr_follows_nl":0,"eval/fr_avg_fr":1,"eval/nl_follows_nl":1,"train_runtime":193.3193,"val_size":3276,"eval/exact_match":0.9587912087912088,"eval/nl_follows_either":1,"eval/fr_follows_either":1}