{"eval/runtime":2.559,"eval/samples_per_second":2559.992,"train_steps_per_second":8.167,"test_size":58953,"_runtime":662,"train/global_step":4623,"total_flos":3.5818671439872e+14,"eval/nl_follows_fr":0,"_timestamp":1.7716397007788823e+09,"eval/nl_avg_nl":1,"eval/loss_fr":0.2617837412598951,"train_runtime":566.0863,"fr_train_pct":2.9999459225611074,"eval/nl_follows_either":1,"fr_train_samples":8876,"eval/fr_avg_nl":0.028693528693528692,"eval/nl_follows_nl":1,"eval/fr_follows_either":0.9358974358974359,"train_loss":0.08328137494339208,"train/loss":0.0002,"train/learning_rate":1.6720661708946595e-08,"val_size":6551,"nl_train_samples":286996,"eval/steps_per_second":160.219,"eval/fr_follows_nl":0,"eval/fr_avg_fr":0.9713064713064713,"_wandb":{"runtime":662},"eval/loss":0.13093885395876634,"eval/fr_follows_fr":0.9358974358974359,"train/grad_norm":0.005617981776595116,"eval/loss_nl":5.4290011914612245e-05,"eval/exact_match":0.7363761257823233,"_step":4600,"eval/nl_avg_fr":0,"train/epoch":1,"train_size":295872,"train_samples_per_second":522.662,"nl_train_pct":97.00005407743889,"eval/tok_acc":0.962317639618815}