{"total_flos":5.809311719424e+14,"eval/steps_per_second":287.131,"train/learning_rate":0.00019979876826701015,"_step":66,"train/loss":0.3097,"train_loss":0.34018546517690024,"eval/exact_match":0,"_wandb":{"runtime":196},"train/grad_norm":0.20985262095928192,"train_samples_per_second":65297.851,"train/epoch":18.46153846153846,"eval/runtime":1.1319,"eval/samples_per_second":4592.328,"eval/token_accuracy":0,"train_runtime":196.0248,"_timestamp":1.7463403399273787e+09,"eval/loss":0.2580186128616333,"train/global_step":6000,"train_steps_per_second":1020.279,"_runtime":195.492612588}