{"fr_train_pct":4.999797209604153,"train/grad_norm":0.0010049479315057397,"fr_train_samples":14793,"eval/loss_fr":0.0014372409503899857,"_runtime":705,"eval/fr_avg_nl":0.012061068702290076,"eval/nl_avg_nl":1,"train_size":295872,"eval/exact_match":0.9787818653640665,"total_flos":3.5818671439872e+14,"_step":4600,"eval/nl_follows_nl":1,"eval/nl_follows_fr":0,"eval/loss":0.04271598590031514,"train_runtime":572.0573,"eval/nl_follows_either":1,"eval/fr_follows_nl":0.004580152671755725,"eval/tok_acc":0.9969688379091524,"eval/fr_follows_fr":0.9572519083969465,"train_loss":0.08392895690166266,"eval/steps_per_second":158.966,"train_steps_per_second":8.081,"eval/fr_avg_fr":0.9879389312977099,"train/global_step":4623,"train/loss":0.0002,"eval/samples_per_second":2539.966,"test_size":58953,"val_size":6551,"eval/fr_follows_either":0.9618320610687023,"eval/loss_nl":0.08398212943529149,"nl_train_pct":95.00020279039585,"nl_train_samples":281079,"eval/runtime":2.5792,"_wandb":{"runtime":705},"train/epoch":1,"_timestamp":1.7716447893288107e+09,"eval/nl_avg_fr":0,"train/learning_rate":1.6720661708946595e-08,"train_samples_per_second":517.207}