{"train_steps_per_second":11.891,"train/epoch":1,"train/global_step":2312,"train_runtime":194.4256,"train/grad_norm":0.0019393120892345905,"nl_train_samples":133143,"train/loss":0.0005,"train_loss":0.17212473721143542,"_runtime":244,"train/learning_rate":2.5399296167372132e-08,"eval/loss_fr":0.0012395635592070055,"total_flos":1.7909335719936e+14,"eval/samples_per_second":2514.555,"nl_train_pct":90.00040558079169,"fr_train_samples":14793,"train_samples_per_second":760.887,"eval/fr_follows_either":1,"_step":2300,"eval/nl_follows_fr":0,"val_size":3276,"eval/fr_follows_fr":1,"train_size":147936,"eval/nl_follows_nl":1,"eval/loss_nl":0.00014474517148402002,"eval/tok_acc":1,"_wandb":{"runtime":244},"eval/fr_avg_nl":0,"test_size":29476,"eval/exact_match":1,"eval/nl_avg_fr":0,"eval/loss":0.0006921558655253742,"eval/runtime":1.3028,"eval/fr_follows_nl":0,"eval/steps_per_second":157.352,"eval/nl_avg_nl":1,"eval/nl_follows_either":1,"_timestamp":1.771627531261074e+09,"fr_train_pct":9.999594419208305,"eval/fr_avg_fr":1}