{"eval/exact_match":0.9340659340659341,"_step":2300,"train/global_step":2312,"nl_train_pct":45.000540774388924,"train/epoch":1,"_timestamp":1.7716399628961155e+09,"train/loss":0.0005,"_wandb":{"runtime":240},"eval/nl_follows_fr":0,"nl_train_samples":66572,"fr_train_pct":54.99945922561108,"eval/nl_avg_nl":1,"eval/nl_follows_either":1,"fr_train_samples":81364,"eval/nl_avg_fr":0,"train_size":147936,"test_size":29476,"val_size":3276,"eval/fr_follows_fr":1,"eval/nl_follows_nl":1,"eval/fr_avg_nl":0,"eval/loss_nl":0.08875935234502413,"train/grad_norm":0.002465414348989725,"eval/runtime":1.268,"eval/samples_per_second":2583.537,"eval/steps_per_second":161.668,"eval/fr_follows_either":1,"eval/loss":0.044473932273640444,"train_steps_per_second":12.088,"train_runtime":191.2628,"train/learning_rate":2.5399296167372132e-08,"eval/tok_acc":0.9905808477237049,"train_loss":0.18248816671181844,"eval/fr_follows_nl":0,"_runtime":240,"eval/fr_avg_fr":1,"train_samples_per_second":773.47,"total_flos":1.7909335719936e+14,"eval/loss_fr":0.00018851386080197513}