{"eval/tok_acc":1,"total_flos":1.7909335719936e+14,"train_samples_per_second":762.522,"fr_train_pct":4.999459225611075,"train/epoch":1,"eval/runtime":1.2803,"train/grad_norm":0.0022062594071030617,"train_runtime":194.0087,"eval/exact_match":1,"_runtime":243,"_timestamp":1.7716249011028726e+09,"train_steps_per_second":11.917,"eval/nl_follows_fr":0,"fr_train_samples":7396,"eval/nl_avg_nl":1,"train/global_step":2312,"_wandb":{"runtime":243},"test_size":29476,"val_size":3276,"train/learning_rate":2.5399296167372132e-08,"eval/fr_follows_either":1,"eval/nl_avg_fr":0,"eval/steps_per_second":160.113,"eval/fr_avg_fr":1,"eval/fr_avg_nl":0,"nl_train_samples":140540,"eval/fr_follows_fr":1,"eval/nl_follows_nl":1,"train/loss":0.0005,"eval/loss_nl":0.0001449756793470562,"eval/fr_follows_nl":0,"eval/nl_follows_either":1,"train_loss":0.16533542568146842,"eval/loss_fr":0.004300313125852318,"eval/loss":0.0022226447345841316,"_step":2300,"eval/samples_per_second":2558.687,"nl_train_pct":95.00054077438892,"train_size":147936}