{"eval/loss":1.6831291913986206,"train_steps_per_second":751.736,"eval/steps_per_second":194.797,"_wandb":{"runtime":266},"_step":66,"eval/samples_per_second":3115.559,"_timestamp":1.7462058509506547e+09,"total_flos":5.809311719424e+14,"eval/exact_match":0,"_runtime":265.398671813,"train_loss":0.17575986750920614,"train/epoch":18.46153846153846,"train/grad_norm":0.1726064831018448,"train/global_step":6000,"train/loss":0.1485,"train_runtime":266.0508,"train/learning_rate":0.00019979886886170754,"eval/token_accuracy":0,"train_samples_per_second":48111.111,"eval/runtime":1.6684}