{"train_runtime":596.0955,"train_size":295872,"eval/nl_follows_fr":0,"nl_train_pct":99.00024334847501,"test_size":58953,"_step":4600,"eval/steps_per_second":159.172,"eval/fr_avg_fr":0.8408119658119658,"eval/nl_avg_nl":1,"train/loss":0.0001,"eval/nl_follows_either":1,"total_flos":3.5818671439872e+14,"_timestamp":1.7716241678826284e+09,"eval/fr_follows_nl":0.048534798534798536,"train/grad_norm":0.0013708615442737937,"nl_train_samples":292914,"eval/fr_follows_fr":0.19352869352869354,"fr_train_samples":2958,"eval/samples_per_second":2543.257,"eval/loss":0.8529099415611846,"eval/exact_match":0.5064875591512746,"eval/fr_follows_either":0.24206349206349206,"fr_train_pct":0.9997566515249837,"train_steps_per_second":7.755,"val_size":6551,"eval/runtime":2.5758,"eval/loss_fr":1.7055242007759757,"eval/tok_acc":0.8568811740846545,"train/learning_rate":1.6720661708946595e-08,"train/epoch":1,"eval/nl_avg_fr":0,"eval/nl_follows_nl":1,"train_loss":0.08023183289556735,"eval/loss_nl":3.5114195054523175e-05,"train_samples_per_second":496.35,"_runtime":733,"train/global_step":4623,"_wandb":{"runtime":733},"eval/fr_avg_nl":0.15918803418803418}