{"eval/loss_fr":0.00015843792166617745,"train_steps_per_second":11.926,"eval/fr_avg_fr":1,"_wandb":{"runtime":243},"_step":2300,"eval/fr_follows_nl":0,"nl_train_samples":29588,"total_flos":1.7909335719936e+14,"val_size":3276,"eval/runtime":1.2865,"eval/exact_match":0.8653846153846154,"test_size":29476,"train/loss":0.0006,"train/grad_norm":0.0034936033189296722,"fr_train_pct":79.99945922561108,"train_loss":0.17230953195854976,"eval/nl_follows_nl":1,"train_samples_per_second":763.102,"eval/nl_avg_nl":1,"eval/loss":0.06126443328511002,"_runtime":243,"eval/nl_avg_fr":0,"train/epoch":1,"eval/fr_avg_nl":0,"eval/tok_acc":0.9807692307692307,"eval/nl_follows_either":1,"eval/nl_follows_fr":0,"train_runtime":193.8614,"eval/fr_follows_fr":1,"train/learning_rate":2.5399296167372132e-08,"eval/fr_follows_either":1,"eval/steps_per_second":159.35,"train_size":147936,"fr_train_samples":118348,"nl_train_pct":20.000540774388924,"eval/samples_per_second":2546.498,"eval/loss_nl":0.12237043289401738,"_timestamp":1.7716460016529276e+09,"train/global_step":2312}