{"eval/loss":0.2565561830997467,"train_loss":0.32342935117085775,"train/global_step":6000,"train/epoch":18.46153846153846,"eval/samples_per_second":3229.893,"train/loss":0.2933,"eval/token_accuracy":0,"_runtime":257.520419824,"eval/runtime":1.6093,"_timestamp":1.7462061960033247e+09,"train_runtime":258.1559,"train_samples_per_second":49582.435,"train_steps_per_second":774.726,"train/learning_rate":0.00019979876826701015,"train/grad_norm":0.20512202382087708,"eval/exact_match":0,"eval/steps_per_second":201.946,"_wandb":{"runtime":258},"_step":66,"total_flos":5.809311719424e+14}