{"eval/fr_follows_either":0.890381679389313,"train/learning_rate":1.6720661708946595e-08,"eval/nl_avg_fr":0,"train_samples_per_second":509.11,"train/loss":0.0001,"eval/fr_follows_nl":0.890381679389313,"eval/exact_match":0.5000763242253091,"eval/fr_avg_nl":1,"eval/steps_per_second":159.795,"train/epoch":1,"train/global_step":4623,"eval/loss_fr":10.878691062636047,"train_steps_per_second":7.955,"train_size":295872,"nl_train_samples":295872,"train/grad_norm":0.0005068116588518023,"_step":4600,"eval/nl_follows_either":1,"train_runtime":581.1552,"_timestamp":1.7716114510767255e+09,"fr_train_pct":0,"eval/runtime":2.5658,"eval/loss_nl":4.376045245864436e-05,"eval/fr_avg_fr":0,"fr_train_samples":0,"eval/nl_avg_nl":1,"test_size":58953,"total_flos":3.5818671439872e+14,"nl_train_pct":100,"eval/fr_follows_fr":0,"_wandb":{"runtime":680},"eval/nl_follows_nl":1,"eval/tok_acc":0.5714939921931221,"_runtime":680,"eval/samples_per_second":2553.215,"eval/nl_follows_fr":0,"val_size":6551,"train_loss":0.07695544903336217,"eval/loss":5.438537163109183}