{"train_samples_per_second":2105.97,"train_loss":0.2741252252960205,"eval/token_accuracy":0,"train/learning_rate":1.0423704194240103e-10,"eval/samples_per_second":4715.58,"train/epoch":615.3846153846154,"train/global_step":200000,"_wandb":{"runtime":6078},"_step":2200,"train/grad_norm":0.2561323344707489,"train_runtime":6077.9601,"train/loss":0.2698,"_timestamp":1.7463469618923082e+09,"train_steps_per_second":32.906,"eval/loss":0.3654147982597351,"_runtime":6077.45534594,"eval/runtime":1.1023,"total_flos":1.9364236204032e+16,"eval/exact_match":0,"eval/steps_per_second":294.837}