{"_wandb":{"runtime":244},"train/loss":0.0006,"test_size":29476,"eval/loss":0.0337474989239695,"train/learning_rate":2.5399296167372132e-08,"eval/fr_follows_either":1,"val_size":3276,"eval/nl_follows_nl":1,"fr_train_samples":103555,"eval/fr_follows_nl":0,"_timestamp":1.7716439881931455e+09,"train_runtime":194.8675,"fr_train_pct":69.99986480640277,"eval/exact_match":0.9407814407814408,"eval/steps_per_second":161.127,"nl_train_samples":44381,"eval/loss_fr":0.00017267342083160657,"_runtime":244,"eval/fr_avg_nl":0,"eval/nl_avg_nl":1,"eval/loss_nl":0.06732232572558598,"train_loss":0.1814341462377594,"eval/nl_follows_fr":0,"eval/fr_follows_fr":1,"_step":2300,"eval/fr_avg_fr":1,"eval/nl_follows_either":1,"eval/samples_per_second":2574.886,"total_flos":1.7909335719936e+14,"train_size":147936,"train/epoch":1,"train/global_step":2312,"eval/nl_avg_fr":0,"train_samples_per_second":759.162,"train_steps_per_second":11.864,"train/grad_norm":0.0026474965270608664,"eval/runtime":1.2723,"nl_train_pct":30.00013519359723,"eval/tok_acc":0.9915402058259201}