{"eval/fr_follows_either":1,"eval/nl_avg_nl":1,"eval/nl_avg_fr":0,"train/epoch":1,"eval/loss_nl":0.26118907967402677,"train/loss":0.0005,"eval/fr_follows_nl":0,"train_loss":0.16650210661212608,"train/learning_rate":2.5399296167372132e-08,"eval/samples_per_second":2639.456,"eval/fr_follows_fr":1,"eval/tok_acc":0.9709576138147566,"train_runtime":195.0189,"eval/exact_match":0.7967032967032966,"_timestamp":1.7716497315014946e+09,"fr_train_pct":89.99972961280554,"_wandb":{"runtime":245},"_runtime":245,"val_size":3276,"nl_train_samples":14794,"eval/nl_follows_either":1,"test_size":29476,"total_flos":1.7909335719936e+14,"nl_train_pct":10.000270387194462,"train/grad_norm":0.004399181809276342,"train_samples_per_second":758.573,"train_steps_per_second":11.855,"eval/nl_follows_fr":0,"eval/fr_avg_nl":0,"_step":2300,"eval/steps_per_second":165.167,"eval/fr_avg_fr":1,"eval/loss_fr":0.0001498788975397243,"eval/nl_follows_nl":1,"train_size":147936,"train/global_step":2312,"eval/loss":0.13066947503840967,"eval/runtime":1.2412,"fr_train_samples":133142}