{"train/learning_rate":1.6720661708946595e-08,"fr_train_pct":2.4997296128055373,"eval/samples_per_second":2574.333,"eval/loss_fr":0.23296320845938137,"eval/nl_avg_nl":1,"train/grad_norm":0.006903118919581175,"total_flos":3.5818671439872e+14,"train_samples_per_second":505.515,"eval/nl_follows_nl":1,"eval/exact_match":0.8304075713631507,"nl_train_samples":288476,"train_loss":0.08312726463765356,"eval/steps_per_second":161.117,"eval/tok_acc":0.9757507032732189,"eval/fr_avg_nl":0.038105413105413107,"train/epoch":1,"eval/loss":0.11652969975559571,"_wandb":{"runtime":702},"train_size":295872,"eval/fr_follows_either":0.6501831501831502,"eval/fr_avg_fr":0.9618945868945868,"_timestamp":1.771636013450408e+09,"nl_train_pct":97.50027038719446,"eval/nl_follows_fr":0,"eval/loss_nl":6.043579279647728e-05,"train/loss":0.0002,"eval/fr_follows_nl":0,"train_steps_per_second":7.899,"eval/nl_avg_fr":0,"eval/fr_follows_fr":0.6501831501831502,"eval/runtime":2.5447,"fr_train_samples":7396,"train/global_step":4623,"eval/nl_follows_either":1,"val_size":6551,"_step":4600,"test_size":58953,"_runtime":702,"train_runtime":585.2885}