{"train_loss":0.3060747610727946,"eval/token_accuracy":0,"train_steps_per_second":1072.04,"total_flos":5.809311719424e+14,"train_samples_per_second":68610.557,"_step":66,"eval/exact_match":0,"train/learning_rate":0.00019979876826701015,"train/grad_norm":0.19484198093414307,"train/global_step":6000,"_timestamp":1.7463403299403377e+09,"eval/runtime":1.1265,"_runtime":186.009265632,"eval/steps_per_second":288.512,"_wandb":{"runtime":187},"eval/samples_per_second":4614.411,"train_runtime":186.5602,"train/epoch":18.46153846153846,"eval/loss":0.25701653957366943,"train/loss":0.2758}