{"train/global_step":2312,"eval/fr_follows_nl":0.04945054945054945,"train/loss":0.0005,"eval/loss_nl":0.00013768359058836797,"eval/fr_follows_fr":0.9487179487179487,"train_loss":0.1627295099913423,"test_size":29476,"eval/tok_acc":0.999607535321821,"eval/nl_follows_fr":0,"fr_train_pct":2.4997296128055373,"total_flos":1.7909335719936e+14,"eval/runtime":1.2629,"_runtime":244,"nl_train_pct":97.50027038719446,"eval/nl_avg_fr":0,"train/learning_rate":2.5399296167372132e-08,"eval/loss_fr":0.014624956386875684,"eval/samples_per_second":2594.031,"train/epoch":1,"eval/fr_follows_either":0.9981684981684982,"_timestamp":1.771620510196046e+09,"_wandb":{"runtime":244},"val_size":3276,"eval/loss":0.00738132240362147,"eval/steps_per_second":162.325,"train/grad_norm":0.004232840146869421,"eval/fr_avg_nl":0.017094017094017096,"nl_train_samples":144238,"fr_train_samples":3698,"eval/fr_avg_fr":0.9829059829059829,"train_runtime":194.0048,"train_steps_per_second":11.917,"eval/nl_avg_nl":1,"train_size":147936,"eval/exact_match":0.9972527472527473,"train_samples_per_second":762.538,"eval/nl_follows_either":1,"eval/nl_follows_nl":1,"_step":2300}