{"train_runtime":193.0535,"train/epoch":1,"eval/samples_per_second":2580.496,"eval/fr_avg_fr":1,"eval/loss_fr":0.000275391899745784,"eval/nl_follows_either":1,"eval/loss":0.0016835774823449558,"train_size":147936,"_wandb":{"runtime":242},"eval/fr_avg_nl":0,"_runtime":242,"fr_train_pct":39.99972961280554,"_timestamp":1.7716353678920279e+09,"eval/exact_match":0.996031746031746,"train/global_step":2312,"fr_train_samples":59174,"eval/nl_follows_nl":1,"eval/loss_nl":0.0030917626723089347,"eval/nl_avg_fr":0,"eval/nl_avg_nl":1,"train_loss":0.18729641203261801,"train/learning_rate":2.5399296167372132e-08,"train_samples_per_second":766.295,"eval/fr_follows_nl":0,"_step":2300,"val_size":3276,"eval/steps_per_second":161.478,"train/loss":0.0006,"nl_train_pct":60.00027038719446,"train/grad_norm":0.0026801808271557093,"total_flos":1.7909335719936e+14,"nl_train_samples":88762,"train_steps_per_second":11.976,"eval/tok_acc":0.9994331065759637,"eval/fr_follows_fr":1,"test_size":29476,"eval/runtime":1.2695,"eval/fr_follows_either":1,"eval/nl_follows_fr":0}