{"eval/nl_avg_nl":1,"train_loss":0.08660813470281623,"eval/fr_follows_either":0.9996946564885496,"train/grad_norm":0.0010109818540513515,"test_size":58953,"eval/nl_follows_fr":0,"eval/nl_avg_fr":0,"eval/nl_follows_either":1,"eval/fr_avg_nl":5.089058524173028e-05,"train/learning_rate":1.6720661708946595e-08,"train_steps_per_second":7.94,"total_flos":3.5818671439872e+14,"val_size":6551,"eval/nl_follows_nl":1,"train_runtime":582.2526,"eval/loss_fr":0.0005571837411688655,"_step":4600,"train/loss":0.0001,"eval/steps_per_second":160.975,"fr_train_pct":9.999932403201385,"fr_train_samples":29587,"eval/fr_follows_nl":0,"_wandb":{"runtime":698},"train_samples_per_second":508.151,"eval/samples_per_second":2572.071,"eval/fr_follows_fr":0.9996946564885496,"eval/tok_acc":0.997252327888872,"eval/runtime":2.547,"eval/loss_nl":0.05260634789408511,"train/epoch":1,"nl_train_samples":266285,"train/global_step":4623,"train_size":295872,"_runtime":698,"eval/exact_match":0.9807662952221035,"eval/fr_avg_fr":0.9999491094147583,"nl_train_pct":90.00006759679862,"_timestamp":1.7716520765147738e+09,"eval/loss":0.026585780893051702}