{"eval/fr_follows_fr":0,"train/global_step":4623,"_runtime":674,"eval/nl_follows_fr":0,"_timestamp":1.7716121626963246e+09,"train/epoch":1,"eval/loss_fr":10.085784647782061,"eval/exact_match":0.4999236757746909,"fr_train_pct":0,"eval/steps_per_second":160.586,"eval/runtime":2.5531,"train_loss":0.07819535268797806,"nl_train_samples":295872,"train_runtime":569.3619,"eval/loss":5.043682209573034,"eval/fr_follows_either":0.8913308913308914,"eval/nl_avg_nl":1,"eval/fr_follows_nl":0.8913308913308914,"eval/loss_nl":3.999678940576224e-05,"eval/nl_follows_nl":1,"_step":4600,"nl_train_pct":100,"val_size":6551,"eval/nl_follows_either":1,"_wandb":{"runtime":674},"eval/nl_avg_fr":0,"test_size":58953,"train_steps_per_second":8.12,"eval/tok_acc":0.5713631506640208,"train_size":295872,"train/loss":0.0001,"eval/fr_avg_fr":0,"fr_train_samples":0,"train_samples_per_second":519.655,"train/learning_rate":1.6720661708946595e-08,"eval/fr_avg_nl":1,"total_flos":3.5818671439872e+14,"train/grad_norm":0.0004243786388542503,"eval/samples_per_second":2565.853}