{"_step":2200,"train_steps_per_second":24.008,"eval/exact_match":0,"eval/samples_per_second":3359.13,"total_flos":1.9364236204032e+16,"eval/loss":0.36490175127983093,"train/epoch":615.3846153846154,"eval/token_accuracy":0,"_runtime":8329.013423947,"train/learning_rate":9.527474728043828e-11,"train_samples_per_second":1536.492,"train/loss":0.2698,"eval/runtime":1.5474,"train/grad_norm":0.2556496560573578,"train/global_step":200000,"eval/steps_per_second":210.026,"train_loss":0.27418856282234194,"_timestamp":1.7463593206748958e+09,"_wandb":{"runtime":8330},"train_runtime":8330.667}