{"eval/runtime":1.6566,"_runtime":260.091999197,"eval/steps_per_second":196.18,"eval/loss":0.25678783655166626,"train/grad_norm":0.2152639925479889,"train_steps_per_second":767.247,"train/loss":0.2209,"train/epoch":18.46153846153846,"_wandb":{"runtime":262},"eval/token_accuracy":0,"eval/samples_per_second":3137.678,"train_loss":0.25215806833902993,"train_runtime":260.6721,"_timestamp":1.7462073742186146e+09,"train/learning_rate":0.00019979876826701015,"eval/exact_match":0,"total_flos":5.809311719424e+14,"train_samples_per_second":49103.838,"train/global_step":6000,"_step":66}