{"eval/fr_follows_fr":0.6184371184371185,"eval/steps_per_second":161.393,"eval/nl_avg_fr":0,"fr_train_samples":5917,"eval/nl_follows_nl":1,"_step":2300,"train_samples_per_second":753.794,"train/grad_norm":0.004074907395988703,"train/learning_rate":2.5399296167372132e-08,"eval/runtime":1.2702,"total_flos":1.7909335719936e+14,"_runtime":245,"eval/loss_fr":0.057022972848898616,"eval/fr_follows_either":0.8705738705738706,"eval/samples_per_second":2579.138,"eval/loss_nl":0.00013595099084167962,"eval/fr_follows_nl":0.25213675213675213,"_wandb":{"runtime":245},"nl_train_pct":96.0002974259139,"eval/nl_follows_fr":0,"train_size":147936,"eval/fr_avg_fr":0.8728123728123727,"eval/nl_avg_nl":1,"fr_train_pct":3.999702574086091,"eval/loss":0.028579459764729725,"train/global_step":2312,"train_loss":0.1660401199458515,"eval/tok_acc":0.9917146345717774,"val_size":3276,"eval/exact_match":0.942002442002442,"nl_train_samples":142019,"train_steps_per_second":11.781,"train/epoch":1,"eval/nl_follows_either":1,"train/loss":0.0005,"train_runtime":196.2553,"test_size":29476,"_timestamp":1.7716237521412256e+09,"eval/fr_avg_nl":0.1271876271876272}