{"train/global_step":200000,"_wandb":{"runtime":9731},"_runtime":9729.877763706,"_timestamp":1.7463506217598839e+09,"train/loss":0.1702,"train_samples_per_second":1315.452,"train/grad_norm":0.3119013011455536,"eval/samples_per_second":2887.251,"eval/steps_per_second":180.523,"eval/exact_match":0,"_step":2200,"train_runtime":9730.4984,"eval/loss":0.37878555059432983,"eval/runtime":1.8003,"train_loss":0.1736677156162262,"total_flos":1.9364236204032e+16,"train_steps_per_second":20.554,"eval/token_accuracy":0,"train/learning_rate":1.0654055302428135e-10,"train/epoch":615.3846153846154}