{"eval/runtime":1.2622,"_runtime":242,"eval/nl_follows_nl":0.9987789987789988,"total_flos":1.7909335719936e+14,"train_runtime":192.7432,"eval/exact_match":0.8272283272283272,"eval/tok_acc":0.9753183324611896,"eval/loss_nl":0.10909512733656263,"val_size":3276,"nl_train_samples":5918,"eval/loss":0.054616628558135004,"test_size":29476,"fr_train_pct":95.99962145792776,"eval/fr_follows_nl":0,"_step":2300,"train_samples_per_second":767.529,"eval/loss_fr":0.0001381328602892009,"eval/nl_follows_fr":0,"eval/fr_avg_nl":0,"train_size":147936,"eval/samples_per_second":2595.498,"eval/steps_per_second":162.417,"eval/nl_avg_fr":0,"train/loss":0.0005,"eval/fr_follows_either":1,"eval/fr_avg_fr":1,"_timestamp":1.771653745845105e+09,"eval/fr_follows_fr":1,"fr_train_samples":142018,"train/grad_norm":0.0030801347456872463,"train/epoch":1,"nl_train_pct":4.000378542072248,"train/learning_rate":2.5399296167372132e-08,"train/global_step":2312,"_wandb":{"runtime":242},"eval/nl_avg_nl":1,"train_loss":0.15612199999936646,"train_steps_per_second":11.995,"eval/nl_follows_either":0.9987789987789988}