{"eval/token_accuracy":0,"train/learning_rate":0.00019979876826701015,"train_samples_per_second":60830.939,"train_loss":0.23376923974355063,"train_steps_per_second":950.483,"train/global_step":6000,"_timestamp":1.7463403560033507e+09,"_runtime":209.863540899,"eval/loss":0.2568816840648651,"train/epoch":18.46153846153846,"_step":66,"eval/exact_match":0,"eval/steps_per_second":290.395,"train/grad_norm":0.18902042508125305,"eval/samples_per_second":4644.536,"eval/runtime":1.1192,"total_flos":5.809311719424e+14,"train_runtime":210.4192,"train/loss":0.2021,"_wandb":{"runtime":210}}