{"train_steps_per_second":12.14,"eval/nl_avg_fr":0,"eval/loss_nl":0.21000598389223235,"nl_train_pct":7.500540774388925,"train/loss":0.0005,"eval/loss_fr":0.00014442893885694653,"eval/runtime":1.2659,"train/epoch":1,"_timestamp":1.7716505887968996e+09,"eval/nl_follows_nl":1,"_runtime":239,"eval/fr_follows_either":1,"eval/loss":0.10507520047154037,"eval/fr_avg_nl":0,"eval/tok_acc":0.9677742892028607,"_wandb":{"runtime":239},"_step":2300,"total_flos":1.7909335719936e+14,"eval/nl_follows_fr":0,"train_samples_per_second":776.769,"eval/fr_avg_fr":1,"eval/nl_avg_nl":1,"train_size":147936,"test_size":29476,"nl_train_samples":11096,"fr_train_samples":136840,"eval/nl_follows_either":1,"eval/exact_match":0.7744200244200244,"eval/samples_per_second":2587.881,"train/global_step":2312,"train/grad_norm":0.0027833518106490374,"fr_train_pct":92.49945922561108,"train_loss":0.16196879126843722,"eval/steps_per_second":161.94,"train/learning_rate":2.5399296167372132e-08,"val_size":3276,"eval/fr_follows_nl":0,"eval/fr_follows_fr":1,"train_runtime":190.4503}