{"eval/fr_follows_either":0.6236263736263736,"train/loss":0.0001,"eval/runtime":2.5908,"eval/nl_follows_fr":0,"eval/exact_match":0.4999236757746909,"eval/nl_avg_nl":1,"eval/nl_follows_either":1,"nl_train_samples":295872,"nl_train_pct":100,"_timestamp":1.7716128803972163e+09,"train/grad_norm":0.0005053021595813334,"eval/loss_fr":10.410931884150802,"train_runtime":562.6741,"test_size":58953,"train_steps_per_second":8.216,"train/global_step":4623,"_step":4600,"eval/fr_follows_fr":0,"eval/loss":5.206283759968897,"eval/tok_acc":0.5713631506640208,"fr_train_pct":0,"_runtime":658,"val_size":6551,"eval/fr_avg_nl":1,"train/epoch":1,"train_loss":0.07702697349969913,"eval/fr_avg_fr":0,"eval/nl_follows_nl":1,"train/learning_rate":1.6720661708946595e-08,"eval/fr_follows_nl":0.6236263736263736,"fr_train_samples":0,"eval/samples_per_second":2528.528,"train_size":295872,"eval/steps_per_second":158.25,"eval/nl_avg_fr":0,"eval/loss_nl":4.611444596657956e-05,"total_flos":3.5818671439872e+14,"train_samples_per_second":525.832,"_wandb":{"runtime":658}}