{"eval/loss_nl":0.04640272841987829,"eval/nl_follows_fr":0,"train_runtime":191.525,"eval/fr_avg_nl":0,"train/learning_rate":2.5399296167372132e-08,"eval/steps_per_second":164.471,"train/loss":0.0006,"eval/nl_follows_either":1,"fr_train_pct":39.99972961280554,"_runtime":240,"train/global_step":2312,"_timestamp":1.771635652973873e+09,"train_size":147936,"eval/fr_follows_nl":0,"eval/runtime":1.2464,"train_steps_per_second":12.072,"eval/loss":0.023339957084253165,"eval/fr_follows_fr":1,"eval/fr_follows_either":1,"train_loss":0.18254319616636924,"eval/fr_avg_fr":1,"test_size":29476,"_wandb":{"runtime":240},"eval/samples_per_second":2628.329,"eval/tok_acc":0.996555032269318,"nl_train_samples":88762,"total_flos":1.7909335719936e+14,"eval/loss_fr":0.0002771857606746843,"eval/nl_avg_nl":1,"eval/exact_match":0.9758852258852259,"eval/nl_follows_nl":1,"eval/nl_avg_fr":0,"val_size":3276,"train/epoch":1,"fr_train_samples":59174,"train_samples_per_second":772.411,"_step":2300,"train/grad_norm":0.00310440338216722,"nl_train_pct":60.00027038719446}