{"test_size":29476,"_wandb":{"runtime":243},"eval/loss_fr":0.002008834588529044,"eval/fr_follows_either":1,"train/grad_norm":0.002972860587760806,"train/learning_rate":2.5399296167372132e-08,"eval/nl_avg_fr":0,"train_samples_per_second":761.271,"val_size":3276,"train_size":147936,"train/loss":0.0005,"eval/tok_acc":1,"train/epoch":1,"eval/fr_avg_fr":1,"eval/nl_follows_fr":0,"_timestamp":1.7716266356550221e+09,"train_loss":0.1707163278932303,"_step":2300,"eval/loss_nl":0.0001502295415018377,"eval/fr_avg_nl":0,"_runtime":243,"fr_train_pct":7.499864806402769,"nl_train_pct":92.50013519359723,"nl_train_samples":136841,"eval/loss":0.0010795321203802368,"train/global_step":2312,"eval/nl_follows_nl":1,"eval/nl_follows_either":1,"eval/nl_avg_nl":1,"eval/samples_per_second":2548.456,"eval/runtime":1.2855,"eval/fr_follows_fr":1,"train_runtime":194.3276,"eval/steps_per_second":159.473,"eval/fr_follows_nl":0,"total_flos":1.7909335719936e+14,"fr_train_samples":11095,"eval/exact_match":1,"train_steps_per_second":11.897}