{"eval/fr_avg_fr":1,"total_flos":1.7909335719936e+14,"eval/fr_follows_fr":1,"eval/nl_follows_either":1,"_wandb":{"runtime":244},"eval/nl_avg_fr":0,"eval/nl_follows_fr":0,"test_size":29476,"eval/runtime":1.2834,"eval/tok_acc":1,"eval/exact_match":1,"_runtime":244,"nl_train_samples":136841,"train/loss":0.0005,"eval/loss":0.0009728845808585658,"eval/fr_follows_either":1,"train_samples_per_second":759.413,"train/global_step":2312,"eval/samples_per_second":2552.631,"nl_train_pct":92.50013519359723,"fr_train_samples":11095,"_step":2300,"eval/nl_avg_nl":1,"eval/fr_follows_nl":0,"val_size":3276,"eval/steps_per_second":159.734,"eval/fr_avg_nl":0,"train_size":147936,"train_loss":0.16893011951137488,"_timestamp":1.7716260528230166e+09,"eval/loss_fr":0.001799700929247689,"train/learning_rate":2.5399296167372132e-08,"train/epoch":1,"train_runtime":194.803,"train/grad_norm":0.002112730871886015,"eval/loss_nl":0.00014606547501476615,"fr_train_pct":7.499864806402769,"eval/nl_follows_nl":1,"train_steps_per_second":11.868}