{"eval/exact_match":0,"train/grad_norm":0.18000441789627075,"train/epoch":18.46153846153846,"train_steps_per_second":650.913,"train/loss":0.1845,"total_flos":5.809311719424e+14,"train/global_step":6000,"eval/samples_per_second":2869.263,"eval/token_accuracy":0,"_step":66,"_wandb":{"runtime":307},"train_loss":0.21501128673553466,"eval/steps_per_second":179.398,"train_runtime":307.2607,"eval/loss":0.2573530673980713,"eval/runtime":1.8116,"train_samples_per_second":41658.44,"_timestamp":1.7463396871741872e+09,"_runtime":305.530948168,"train/learning_rate":0.00019979876826701015}