{"eval/exact_match":0,"train/loss":0.3103,"eval/loss":0.2575239837169647,"eval/steps_per_second":195.736,"train_runtime":267.5951,"train/learning_rate":0.00019979876826701015,"eval/token_accuracy":0,"train_steps_per_second":747.398,"_timestamp":1.7462062054472988e+09,"_runtime":266.958706178,"train/grad_norm":0.21061597764492035,"train_samples_per_second":47833.468,"total_flos":5.809311719424e+14,"train/global_step":6000,"train_loss":0.3402749662399292,"_wandb":{"runtime":267},"train/epoch":18.46153846153846,"eval/samples_per_second":3130.564,"_step":66,"eval/runtime":1.6604}