{"eval/nl_follows_either":1,"train_samples_per_second":770.782,"eval/nl_follows_fr":0,"train/epoch":1,"train_steps_per_second":12.046,"eval/tok_acc":0.9876591662305948,"fr_train_samples":96158,"eval/fr_follows_nl":0,"eval/loss":0.04100064757724676,"eval/fr_follows_either":1,"train_runtime":191.9296,"train/loss":0.0006,"eval/steps_per_second":161.318,"train_size":147936,"train_loss":0.17889507361433943,"eval/loss_fr":0.0001735698853149471,"eval/nl_follows_nl":1,"total_flos":1.7909335719936e+14,"eval/loss_nl":0.08182772415461557,"nl_train_pct":35.00027038719446,"train/global_step":2312,"train/grad_norm":0.0026233233511447906,"_runtime":240,"_timestamp":1.7716428366112506e+09,"eval/fr_follows_fr":1,"eval/nl_avg_fr":0,"train/learning_rate":2.5399296167372132e-08,"nl_train_samples":51778,"_wandb":{"runtime":240},"eval/nl_avg_nl":1,"eval/fr_avg_nl":0,"val_size":3276,"test_size":29476,"fr_train_pct":64.99972961280554,"eval/fr_avg_fr":1,"_step":2300,"eval/runtime":1.2708,"eval/exact_match":0.9136141636141636,"eval/samples_per_second":2577.936}