{"test_size":58953,"_wandb":{"runtime":761},"train_loss":0.08053671831877311,"train/loss":0.0002,"eval/loss_nl":3.986553420229975e-05,"train/learning_rate":1.6720661708946595e-08,"train_steps_per_second":7.453,"train/epoch":1,"eval/nl_avg_fr":0,"eval/loss_fr":1.5768625454138254,"fr_train_pct":1.4999729612805537,"eval/exact_match":0.5000763242253091,"eval/samples_per_second":2540.907,"train_samples_per_second":476.995,"eval/runtime":2.5782,"train_runtime":620.283,"eval/fr_avg_nl":0.06365903307888039,"train/global_step":4623,"fr_train_samples":4438,"eval/steps_per_second":159.025,"eval/nl_follows_fr":0,"nl_train_samples":291434,"nl_train_pct":98.50002703871945,"eval/nl_follows_either":1,"_timestamp":1.771629359143713e+09,"_runtime":761,"total_flos":3.5818671439872e+14,"eval/fr_follows_nl":0.003969465648854962,"train/grad_norm":0.11826493591070175,"eval/loss":0.7883311287444378,"eval/fr_follows_fr":0.05343511450381679,"eval/tok_acc":0.8879124234031882,"eval/nl_follows_nl":1,"eval/nl_avg_nl":1,"train_size":295872,"eval/fr_avg_fr":0.9363409669211196,"val_size":6551,"eval/fr_follows_either":0.057404580152671754,"_step":4600}