{"fr_train_samples":7396,"eval/fr_follows_fr":0.7948717948717948,"eval/exact_match":0.8537627843077393,"train/loss":0.0001,"train/global_step":4623,"eval/tok_acc":0.9791089691868199,"total_flos":3.5818671439872e+14,"nl_train_samples":288476,"nl_train_pct":97.50027038719446,"eval/loss":0.08124739589708996,"_step":4600,"train_loss":0.08215777335055705,"train/learning_rate":1.6720661708946595e-08,"eval/samples_per_second":2560.194,"test_size":58953,"train/grad_norm":0.0007623332785442472,"eval/fr_avg_nl":0.025997150997150994,"_timestamp":1.7716352551279624e+09,"eval/nl_follows_fr":0,"eval/fr_follows_either":0.8122710622710623,"eval/loss_fr":0.1381974550685021,"_wandb":{"runtime":696},"val_size":6551,"train_size":295872,"fr_train_pct":2.4997296128055373,"eval/nl_follows_nl":1,"train_samples_per_second":519.236,"eval/nl_avg_fr":0,"train_steps_per_second":8.113,"eval/steps_per_second":160.232,"train_runtime":569.8213,"_runtime":696,"eval/fr_avg_fr":0.974002849002849,"train/epoch":1,"eval/fr_follows_nl":0.0173992673992674,"eval/nl_avg_nl":1,"eval/runtime":2.5588,"eval/nl_follows_either":1,"eval/loss_nl":0.024279949415875253}