{"eval/exact_match":0,"eval/token_accuracy":0,"eval/runtime":1.6121,"eval/samples_per_second":3224.324,"train/learning_rate":0.00019979876826701015,"train/epoch":18.46153846153846,"total_flos":5.809311719424e+14,"train_loss":0.2704955148696899,"train_runtime":257.7018,"train_steps_per_second":776.091,"eval/steps_per_second":201.598,"train/loss":0.2387,"train/global_step":6000,"_runtime":257.124885881,"train_samples_per_second":49669.807,"_step":66,"_timestamp":1.7462073712475924e+09,"_wandb":{"runtime":258},"eval/loss":0.25630679726600647,"train/grad_norm":0.17627419531345367}