{"total_flos":1.7909335719936e+14,"eval/samples_per_second":2557.456,"eval/loss_fr":0.00016491976669666576,"val_size":3276,"eval/loss_nl":0.09622702962731412,"_runtime":245,"nl_train_samples":36984,"eval/fr_follows_nl":0,"_wandb":{"runtime":245},"eval/nl_follows_fr":0,"train/learning_rate":2.5399296167372132e-08,"train_size":147936,"eval/nl_follows_nl":1,"fr_train_samples":110952,"eval/runtime":1.281,"eval/fr_avg_nl":0,"train/loss":0.0006,"eval/tok_acc":0.9859148787720217,"train_steps_per_second":11.771,"eval/loss":0.04819597356630915,"train_runtime":196.4217,"train/grad_norm":0.002875430276617408,"fr_train_pct":75,"test_size":29476,"train_loss":0.17909281826630447,"train/epoch":1,"eval/fr_follows_fr":1,"_timestamp":1.7716454262349172e+09,"eval/nl_follows_either":1,"eval/fr_follows_either":1,"_step":2300,"eval/steps_per_second":160.036,"eval/fr_avg_fr":1,"train_samples_per_second":753.155,"nl_train_pct":25,"eval/nl_avg_nl":1,"eval/nl_avg_fr":0,"train/global_step":2312,"eval/exact_match":0.9014041514041514}