{"val_size":6551,"train_samples_per_second":523.404,"train_steps_per_second":8.178,"fr_train_pct":1.9998512870430456,"_runtime":662,"nl_train_samples":289955,"eval/loss_nl":3.974061336889081e-05,"train/epoch":1,"eval/nl_avg_nl":1,"eval/tok_acc":0.9161741936890769,"train_loss":0.08270149493877875,"eval/steps_per_second":160.131,"eval/fr_follows_nl":0.24664224664224665,"test_size":58953,"train/grad_norm":0.0004050762508995831,"_step":4600,"eval/runtime":2.5604,"train_size":295872,"train/loss":0.0001,"eval/samples_per_second":2558.588,"total_flos":3.5818671439872e+14,"eval/nl_avg_fr":0,"fr_train_samples":5917,"_timestamp":1.771630816792195e+09,"eval/nl_follows_fr":0,"eval/nl_follows_either":1,"eval/nl_follows_nl":1,"eval/fr_avg_nl":0.15125152625152624,"nl_train_pct":98.00014871295696,"eval/fr_avg_fr":0.8487484737484737,"eval/fr_follows_either":0.7133699633699634,"train/global_step":4623,"train/learning_rate":1.6720661708946595e-08,"train_runtime":565.2841,"eval/exact_match":0.5025186994352008,"eval/loss_fr":1.052909164056091,"eval/loss":0.5265548182996861,"_wandb":{"runtime":662},"eval/fr_follows_fr":0.46672771672771673}