{"eval/nl_follows_fr":0,"train/grad_norm":0.0030736993066966534,"train_steps_per_second":12.023,"eval/nl_follows_nl":1,"train/loss":0.0006,"eval/tok_acc":0.9905808477237049,"eval/samples_per_second":2544.635,"eval/runtime":1.2874,"train/global_step":2312,"eval/loss":0.027020060085442478,"val_size":3276,"train_size":147936,"eval/fr_follows_fr":1,"fr_train_samples":103555,"eval/fr_follows_nl":0,"_step":2300,"total_flos":1.7909335719936e+14,"eval/nl_follows_either":1,"eval/nl_avg_fr":0,"train_loss":0.1772631338062764,"eval/fr_follows_either":1,"fr_train_pct":69.99986480640277,"train_runtime":192.3042,"nl_train_samples":44381,"test_size":29476,"nl_train_pct":30.00013519359723,"eval/nl_avg_nl":1,"eval/exact_match":0.9340659340659341,"eval/steps_per_second":159.234,"_runtime":241,"eval/fr_avg_nl":0,"eval/fr_avg_fr":1,"eval/loss_fr":0.00016903613035320345,"eval/loss_nl":0.05387108468920247,"train/learning_rate":2.5399296167372132e-08,"train_samples_per_second":769.281,"train/epoch":1,"_timestamp":1.7716436961587145e+09,"_wandb":{"runtime":241}}