{"_timestamp":1.7462058400284228e+09,"train/grad_norm":0.2297167181968689,"eval/steps_per_second":203.797,"train/epoch":18.46153846153846,"eval/loss":1.9384461641311646,"train_steps_per_second":783.957,"total_flos":5.809311719424e+14,"_runtime":254.510163811,"train/loss":0.3269,"_step":66,"eval/runtime":1.5947,"_wandb":{"runtime":256},"eval/exact_match":0,"eval/samples_per_second":3259.504,"train/learning_rate":0.00019979876826701015,"train_loss":0.3545796063741048,"eval/token_accuracy":0,"train_samples_per_second":50173.239,"train_runtime":255.1161,"train/global_step":6000}