{"train/loss":0.0006,"eval/fr_avg_nl":0.0037647537647537642,"eval/fr_follows_either":0.028083028083028084,"eval/exact_match":0.5,"_wandb":{"runtime":244},"eval/nl_avg_nl":1,"train_runtime":194.77,"nl_train_samples":147197,"eval/fr_follows_fr":0.028083028083028084,"eval/samples_per_second":2625.65,"eval/tok_acc":0.7943485086342229,"fr_train_samples":739,"train/epoch":1,"eval/loss":1.209980695238917,"fr_train_pct":0.49954034176941375,"eval/nl_follows_nl":1,"train_loss":0.15616557370971204,"eval/nl_follows_fr":0,"train_samples_per_second":759.542,"eval/steps_per_second":164.303,"train/grad_norm":0.016761934384703636,"train_size":147936,"eval/loss_fr":2.419811801596002,"_timestamp":1.7716151340969787e+09,"eval/runtime":1.2477,"_runtime":244,"eval/loss_nl":0.00014962917450338974,"eval/nl_avg_fr":0,"train/learning_rate":2.5399296167372132e-08,"eval/fr_follows_nl":0,"val_size":3276,"eval/nl_follows_either":1,"total_flos":1.7909335719936e+14,"train/global_step":2312,"test_size":29476,"eval/fr_avg_fr":0.9962352462352462,"nl_train_pct":99.50045965823058,"_step":2300,"train_steps_per_second":11.87}