{"eval/nl_follows_either":1,"eval/loss_nl":0.00014128781451348452,"train_steps_per_second":12.143,"_runtime":238,"total_flos":1.7909335719936e+14,"train_size":147936,"eval/nl_follows_nl":1,"eval/nl_avg_nl":1,"eval/fr_follows_fr":0.10500610500610501,"eval/samples_per_second":2669.298,"eval/runtime":1.2273,"eval/fr_avg_nl":0.09004884004884005,"fr_train_samples":739,"train_samples_per_second":776.992,"train/learning_rate":2.5399296167372132e-08,"train_runtime":190.3957,"eval/exact_match":0.5006105006105006,"eval/loss":0.9815959105124841,"_timestamp":1.771614556827432e+09,"nl_train_pct":99.50045965823058,"eval/loss_fr":1.963050539968069,"fr_train_pct":0.49954034176941375,"train/epoch":1,"eval/nl_avg_fr":0,"eval/fr_follows_nl":0.020146520146520148,"eval/nl_follows_fr":0,"eval/steps_per_second":167.035,"nl_train_samples":147197,"train/grad_norm":0.0015061447629705071,"_wandb":{"runtime":238},"val_size":3276,"train/global_step":2312,"test_size":29476,"eval/fr_follows_either":0.12515262515262515,"eval/fr_avg_fr":0.9099511599511599,"_step":2300,"train/loss":0.0004,"train_loss":0.15618375062585604,"eval/tok_acc":0.8124890982033839}