{"train_loss":0.15870542952023078,"fr_train_samples":1479,"eval/loss_nl":0.00011937201839501564,"eval/runtime":1.2241,"train_size":147936,"eval/nl_avg_fr":0,"eval/fr_avg_nl":0.09045584045584044,"_wandb":{"runtime":243},"train/grad_norm":0.006382568273693323,"train_samples_per_second":770.364,"eval/tok_acc":0.8574917146345717,"_timestamp":1.7716160341109889e+09,"eval/fr_follows_either":0.5470085470085471,"eval/loss_fr":1.706117033958435,"train/loss":0.0004,"eval/nl_follows_nl":1,"train/epoch":1,"eval/steps_per_second":167.468,"_runtime":243,"train_runtime":192.0338,"eval/fr_avg_fr":0.9095441595441597,"train/learning_rate":2.5399296167372132e-08,"nl_train_pct":99.00024334847501,"total_flos":1.7909335719936e+14,"fr_train_pct":0.9997566515249837,"train/global_step":2312,"test_size":29476,"nl_train_samples":146457,"eval/fr_follows_nl":0.07142857142857142,"eval/nl_follows_either":1,"eval/loss":0.8531181893069228,"eval/nl_avg_nl":1,"val_size":3276,"eval/samples_per_second":2676.227,"train_steps_per_second":12.04,"_step":2300,"eval/nl_follows_fr":0,"eval/exact_match":0.5180097680097681,"eval/fr_follows_fr":0.47557997557997556}