{"eval/loss":0.2559855878353119,"eval/runtime":1.1213,"train/learning_rate":0.00019979876826701015,"eval/exact_match":0,"total_flos":5.809311719424e+14,"train/grad_norm":0.2785751521587372,"train/global_step":6000,"_step":66,"_runtime":214.536118725,"train/epoch":18.46153846153846,"train_loss":0.270314453125,"eval/steps_per_second":289.835,"train_runtime":216.2634,"train/loss":0.2388,"train_samples_per_second":59187.09,"_wandb":{"runtime":216},"eval/token_accuracy":0,"train_steps_per_second":924.798,"_timestamp":1.7463395946733205e+09,"eval/samples_per_second":4635.571}