{"test_size":29476,"eval/tok_acc":0.9719605791034363,"train_loss":0.1695052955003945,"_timestamp":1.771647721454289e+09,"_wandb":{"runtime":243},"train/loss":0.0005,"eval/loss":0.2761890634948954,"eval/exact_match":0.8037240537240538,"eval/nl_follows_fr":0,"eval/loss_nl":0.5522378248609466,"nl_train_pct":15.000405580791693,"eval/fr_avg_nl":0,"eval/nl_follows_nl":1,"total_flos":1.7909335719936e+14,"eval/samples_per_second":2577.833,"eval/steps_per_second":161.311,"train/learning_rate":2.5399296167372132e-08,"train_size":147936,"train_steps_per_second":11.926,"_runtime":243,"train/global_step":2312,"train/epoch":1,"train_samples_per_second":763.11,"eval/nl_follows_either":1,"train_runtime":193.8593,"fr_train_samples":125745,"eval/fr_follows_nl":0,"eval/fr_follows_fr":1,"train/grad_norm":0.0032904506660997868,"eval/loss_fr":0.00014030765325939156,"eval/nl_avg_fr":0,"nl_train_samples":22191,"eval/nl_avg_nl":1,"fr_train_pct":84.99959441920831,"eval/runtime":1.2708,"eval/fr_follows_either":1,"val_size":3276,"eval/fr_avg_fr":1,"_step":2300}