{"_runtime":8410.917011933,"eval/steps_per_second":210.09,"train/learning_rate":9.094464976655559e-11,"eval/runtime":1.547,"train_samples_per_second":1521.455,"_timestamp":1.7463593946330175e+09,"eval/exact_match":0,"total_flos":1.9364236204032e+16,"train/epoch":615.3846153846154,"train/loss":0.2858,"train_loss":0.2911785516834259,"eval/token_accuracy":0,"train/grad_norm":0.30699393153190613,"_step":2200,"train_runtime":8412.997,"_wandb":{"runtime":8411},"train/global_step":200000,"eval/samples_per_second":3360.151,"eval/loss":0.36516594886779785,"train_steps_per_second":23.773}