{"eval/nl_follows_fr":0,"_timestamp":1.7716164926640482e+09,"_wandb":{"runtime":719},"nl_train_samples":295577,"eval/samples_per_second":2572.791,"test_size":58953,"train/grad_norm":0.0005317172617651522,"train_size":295872,"_runtime":719,"train/global_step":4623,"train/learning_rate":1.6720661708946595e-08,"eval/fr_avg_nl":0.044210419210419204,"train_runtime":598.2088,"eval/nl_follows_either":1,"eval/tok_acc":0.7330178598687224,"total_flos":3.5818671439872e+14,"nl_train_pct":99.90029472204196,"train/epoch":1,"eval/fr_follows_either":0.47985347985347987,"fr_train_pct":0.09970527795803591,"train_loss":0.0777891934411159,"val_size":6551,"eval/fr_follows_fr":0.47985347985347987,"eval/nl_follows_nl":1,"eval/fr_avg_fr":0.9557895807895808,"train_steps_per_second":7.728,"eval/runtime":2.5463,"fr_train_samples":295,"train/loss":0.0007,"eval/loss_fr":3.815870286780836,"_step":4600,"eval/fr_follows_nl":0,"eval/loss_nl":5.131822137516667e-05,"train_samples_per_second":494.597,"eval/nl_avg_fr":0,"eval/steps_per_second":161.02,"eval/exact_match":0.4999236757746909,"eval/nl_avg_nl":1,"eval/loss":1.90825203778525}