{"_wandb":{"runtime":260},"eval/nl_avg_fr":0,"test_size":29476,"nl_train_pct":97.50027038719446,"eval/nl_follows_either":1,"train_samples_per_second":734.293,"nl_train_samples":144238,"fr_train_samples":3698,"eval/tok_acc":0.9976888191173905,"fr_train_pct":2.4997296128055373,"train/learning_rate":2.5399296167372132e-08,"train_runtime":201.4674,"eval/nl_follows_fr":0,"eval/exact_match":0.9838217338217338,"eval/steps_per_second":163.498,"eval/nl_avg_nl":1,"val_size":3276,"train_size":147936,"eval/loss_nl":0.00013273399677446001,"_step":2300,"eval/nl_follows_nl":1,"eval/fr_follows_nl":0.004273504273504274,"train/epoch":1,"eval/loss_fr":0.03023839701462869,"train/grad_norm":0.0024236184544861317,"_runtime":260,"total_flos":1.7909335719936e+14,"eval/fr_avg_fr":0.9967439967439966,"eval/loss":0.015185564998036957,"eval/fr_avg_nl":0.003256003256003256,"eval/runtime":1.2538,"train_steps_per_second":11.476,"eval/fr_follows_either":0.9835164835164835,"train/global_step":2312,"_timestamp":1.7716199254444718e+09,"train_loss":0.16325030645503014,"eval/fr_follows_fr":0.9792429792429792,"train/loss":0.0005,"eval/samples_per_second":2612.779}