{"train/learning_rate":9.99e-05,"_wandb":{"runtime":55},"_timestamp":1.7462047796186974e+09,"_step":9,"train/loss":0.3167,"train/epoch":3.076923076923077,"train/global_step":1000,"_runtime":53.545439294,"train/grad_norm":0.23210804164409637}