{"eval/nl_follows_nl":1,"eval/fr_avg_nl":0,"fr_train_pct":2.9999459225611074,"_step":4600,"train_loss":0.08361241033526587,"train_size":295872,"_runtime":666,"train/grad_norm":0.00044173331116326153,"eval/fr_follows_nl":0,"eval/tok_acc":0.9991713369823582,"eval/nl_follows_either":1,"_wandb":{"runtime":666},"val_size":6551,"_timestamp":1.771638273931204e+09,"eval/fr_follows_either":0.9392551892551892,"eval/nl_avg_nl":1,"fr_train_samples":8876,"nl_train_samples":286996,"train/learning_rate":1.6720661708946595e-08,"eval/loss":0.005060567681596179,"nl_train_pct":97.00005407743889,"eval/fr_avg_fr":1,"test_size":58953,"eval/nl_avg_fr":0,"eval/nl_follows_fr":0,"eval/loss_nl":0.006823774377690123,"eval/samples_per_second":2571.405,"train/loss":0.0002,"train_steps_per_second":8.151,"train_runtime":567.1912,"train/epoch":1,"eval/runtime":2.5476,"eval/exact_match":0.9941993588765075,"train/global_step":4623,"eval/loss_fr":0.0032978990653663946,"eval/fr_follows_fr":0.9392551892551892,"eval/steps_per_second":160.934,"train_samples_per_second":521.644,"total_flos":3.5818671439872e+14}