{
  "nl_exact": 0.13636363636363635,
  "nl_avg_fr": 0.0,
  "nl_avg_nl": 1.0,
  "nl_part_final": 1.0,
  "fr_exact": 0.9333333333333333,
  "fr_avg_fr": 1.0,
  "fr_avg_nl": 0.0,
  "fr_part_final": 0.0,
  "overall_exact": 0.5961538461538461
}