{"_timestamp":1.7716301065753534e+09,"eval/nl_follows_either":1,"eval/steps_per_second":161.851,"_runtime":661,"eval/runtime":2.5332,"train_steps_per_second":8.218,"eval/exact_match":0.5000763242253091,"train_samples_per_second":525.961,"train_loss":0.08181939754047253,"train/loss":0.0001,"nl_train_samples":289955,"eval/fr_follows_fr":0.11053435114503816,"eval/loss_nl":3.443367490828491e-05,"eval/samples_per_second":2586.062,"eval/fr_avg_nl":0.1478880407124682,"eval/fr_follows_nl":0.0012213740458015267,"eval/nl_avg_nl":1,"train/epoch":1,"train/grad_norm":0.0015382049605250359,"train_runtime":562.5358,"_wandb":{"runtime":661},"train/learning_rate":1.6720661708946595e-08,"nl_train_pct":98.00014871295696,"_step":4600,"eval/nl_follows_fr":0,"test_size":58953,"eval/tok_acc":0.9160869660030093,"eval/loss_fr":1.8368757116521588,"fr_train_pct":1.9998512870430456,"train/global_step":4623,"eval/nl_avg_fr":0,"eval/fr_avg_fr":0.8521119592875319,"eval/nl_follows_nl":1,"train_size":295872,"val_size":6551,"fr_train_samples":5917,"eval/fr_follows_either":0.11175572519083969,"total_flos":3.5818671439872e+14,"eval/loss":0.9183147273760973}