{"train_loss":0.18675755411100486,"nl_train_pct":50,"_step":2300,"total_flos":1.7909335719936e+14,"train/loss":0.0006,"fr_train_pct":50,"eval/nl_follows_nl":1,"fr_train_samples":73968,"eval/steps_per_second":162.918,"eval/exact_match":0.9694749694749695,"eval/samples_per_second":2603.511,"eval/loss_nl":0.04033876172243021,"eval/fr_follows_fr":1,"_runtime":243,"train/global_step":2312,"eval/loss_fr":0.00022074352882410739,"eval/runtime":1.2583,"test_size":29476,"train/grad_norm":0.002581570530310273,"train_runtime":193.6986,"train/epoch":1,"eval/loss":0.020279922729422896,"train/learning_rate":2.5399296167372132e-08,"eval/nl_avg_nl":1,"nl_train_samples":73968,"eval/tok_acc":0.995639281353567,"eval/nl_follows_fr":0,"eval/nl_avg_fr":0,"_wandb":{"runtime":243},"train_samples_per_second":763.743,"eval/fr_follows_nl":0,"eval/fr_avg_fr":1,"_timestamp":1.771637389282815e+09,"train_size":147936,"eval/fr_avg_nl":0,"eval/fr_follows_either":1,"eval/nl_follows_either":1,"val_size":3276,"train_steps_per_second":11.936}