{"eval/loss":5.198502439994736,"val_size":6551,"train/epoch":1,"train_steps_per_second":8.161,"train_size":295872,"_step":4600,"_timestamp":1.7716143045643947e+09,"fr_train_pct":0,"train/loss":0.0001,"eval/nl_follows_either":1,"eval/nl_avg_nl":1,"train_runtime":566.4582,"eval/nl_avg_fr":0,"eval/fr_follows_nl":0.5578625954198473,"nl_train_samples":295872,"eval/fr_follows_either":0.5578625954198473,"eval/loss_nl":4.25841466321366e-05,"eval/nl_follows_fr":0,"eval/exact_match":0.5000763242253091,"eval/fr_avg_nl":1,"eval/loss_fr":10.398549209769445,"_wandb":{"runtime":663},"train_loss":0.07605448578672314,"eval/fr_avg_fr":0,"eval/nl_follows_nl":1,"_runtime":663,"eval/tok_acc":0.5714939921931221,"eval/steps_per_second":161.633,"train/global_step":4623,"eval/samples_per_second":2582.578,"train_samples_per_second":522.319,"total_flos":3.5818671439872e+14,"train/grad_norm":0.0005741619388572872,"fr_train_samples":0,"train/learning_rate":1.6720661708946595e-08,"test_size":58953,"eval/fr_follows_fr":0,"eval/runtime":2.5366,"nl_train_pct":100}