{"train_steps_per_second":969.192,"total_flos":5.809311719424e+14,"train_samples_per_second":62028.272,"eval/loss":2.0031521320343018,"eval/samples_per_second":4624.399,"train/learning_rate":0.00019979876826701015,"train_runtime":206.3575,"train/epoch":18.46153846153846,"eval/runtime":1.124,"eval/steps_per_second":289.136,"train_loss":0.3547378616333008,"_step":66,"_wandb":{"runtime":206},"eval/token_accuracy":0,"train/global_step":6000,"_timestamp":1.74633958094382e+09,"_runtime":204.687480929,"train/grad_norm":0.22052422165870667,"train/loss":0.3276,"eval/exact_match":0}