{"nl_train_samples":147197,"train_loss":0.15840572034166706,"_step":2300,"_wandb":{"runtime":239},"eval/tok_acc":0.8289726146869004,"_runtime":239,"eval/samples_per_second":2657.389,"nl_train_pct":99.50045965823058,"total_flos":1.7909335719936e+14,"eval/fr_follows_either":0.6434676434676435,"train_samples_per_second":776.984,"eval/fr_follows_fr":0.6434676434676435,"train/epoch":1,"train_size":147936,"train/loss":0.0005,"eval/loss_fr":2.1163422321953034,"eval/loss":1.0582361064114414,"eval/nl_follows_nl":1,"test_size":29476,"eval/runtime":1.2328,"eval/fr_avg_nl":0.02971102971102971,"train/global_step":2312,"eval/nl_follows_either":1,"val_size":3276,"train_steps_per_second":12.143,"train/learning_rate":2.5399296167372132e-08,"fr_train_samples":739,"eval/nl_follows_fr":0,"eval/nl_avg_fr":0,"eval/steps_per_second":166.29,"eval/fr_avg_fr":0.9702889702889702,"eval/loss_nl":0.00013003680614529403,"train_runtime":190.3977,"_timestamp":1.771614270299873e+09,"eval/fr_follows_nl":0,"eval/exact_match":0.5006105006105006,"fr_train_pct":0.49954034176941375,"eval/nl_avg_nl":1,"train/grad_norm":0.0017387756379321218}