{"eval/runtime":1.1133,"train/epoch":615.3846153846154,"eval/loss":3.2293009757995605,"train/global_step":200000,"total_flos":1.9364236204032e+16,"_runtime":6272.381951979,"train_runtime":6272.9071,"_timestamp":1.746347157810621e+09,"eval/exact_match":0,"eval/token_accuracy":0,"train/grad_norm":0.25001949071884155,"train/learning_rate":7.463125856199682e-11,"_wandb":{"runtime":6273},"train_steps_per_second":31.883,"train/loss":0.3036,"eval/samples_per_second":4668.815,"eval/steps_per_second":291.913,"train_loss":0.3083756531429291,"_step":2200,"train_samples_per_second":2040.521}