{"train/loss":0.1853,"eval/steps_per_second":208.652,"train_steps_per_second":24.02,"_step":2200,"total_flos":1.9364236204032e+16,"train/grad_norm":0.324194997549057,"eval/loss":0.37143558263778687,"train_loss":0.18972628484725954,"train/global_step":200000,"eval/runtime":1.5576,"_runtime":8325.944908777,"train_samples_per_second":1537.274,"train/learning_rate":1.0423704194240103e-10,"train/epoch":615.3846153846154,"train_runtime":8326.4262,"eval/exact_match":0,"eval/samples_per_second":3337.149,"eval/token_accuracy":0,"_timestamp":1.7463727015058262e+09,"_wandb":{"runtime":8327}}