{"eval/nl_avg_nl":1,"train_samples_per_second":773.642,"train_steps_per_second":12.091,"total_flos":1.7909335719936e+14,"test_size":29476,"eval/runtime":1.2253,"train_loss":0.15974080340113414,"eval/nl_avg_fr":0,"train/epoch":1,"eval/nl_follows_nl":1,"train/grad_norm":0.001415702747181058,"eval/steps_per_second":167.31,"fr_train_samples":1479,"eval/exact_match":0.5473137973137974,"eval/loss":0.583832849003602,"_timestamp":1.771615741473276e+09,"_step":2300,"train_runtime":191.2201,"_wandb":{"runtime":247},"eval/fr_follows_nl":0,"eval/fr_avg_fr":0.90984940984941,"eval/fr_avg_nl":0.09015059015059014,"train/learning_rate":2.5399296167372132e-08,"_runtime":247,"eval/samples_per_second":2673.694,"eval/loss_fr":1.1675457031590015,"train/loss":0.0004,"train/global_step":2312,"fr_train_pct":0.9997566515249837,"eval/loss_nl":0.00012003586131853924,"nl_train_samples":146457,"eval/nl_follows_either":1,"eval/nl_follows_fr":0,"nl_train_pct":99.00024334847501,"eval/tok_acc":0.8873626373626373,"eval/fr_follows_either":0.5042735042735043,"eval/fr_follows_fr":0.5042735042735043,"val_size":3276,"train_size":147936}