{"eval/nl_follows_either":1,"eval/nl_follows_nl":1,"train/epoch":1,"eval/loss_fr":0.00016745325719900157,"fr_train_pct":69.99986480640277,"train/learning_rate":2.5399296167372132e-08,"train/loss":0.0006,"train_steps_per_second":12.023,"eval/fr_avg_fr":1,"eval/fr_follows_fr":1,"train/global_step":2312,"eval/nl_follows_fr":0,"train_samples_per_second":769.328,"train/grad_norm":0.002508090576156974,"eval/loss":0.06447803889547948,"eval/fr_follows_either":1,"total_flos":1.7909335719936e+14,"eval/exact_match":0.9010989010989011,"eval/samples_per_second":2572.015,"_timestamp":1.771643409910225e+09,"eval/loss_nl":0.1287886234357389,"nl_train_samples":44381,"eval/steps_per_second":160.947,"val_size":3276,"eval/fr_avg_nl":0,"test_size":29476,"_step":2300,"_runtime":241,"_wandb":{"runtime":241},"eval/fr_follows_nl":0,"train_loss":0.18002101222023362,"eval/nl_avg_nl":1,"eval/runtime":1.2737,"fr_train_samples":103555,"eval/tok_acc":0.9858712715855573,"train_size":147936,"train_runtime":192.2924,"eval/nl_avg_fr":0,"nl_train_pct":30.00013519359723}