{"train_loss":0.16523235019479288,"eval/steps_per_second":160.142,"eval/exact_match":0.8763736263736264,"eval/nl_follows_nl":1,"train_runtime":195.1764,"train/epoch":1,"eval/runtime":1.2801,"eval/nl_avg_nl":1,"eval/loss_nl":0.00013581439601120985,"train/grad_norm":0.004162836354225874,"eval/fr_follows_nl":0.2625152625152625,"eval/fr_avg_fr":0.8569393569393569,"nl_train_samples":143498,"test_size":29476,"eval/loss_fr":0.10180410456198913,"train_steps_per_second":11.846,"eval/nl_follows_either":1,"eval/nl_follows_fr":0,"val_size":3276,"fr_train_pct":2.9999459225611074,"_wandb":{"runtime":244},"eval/fr_avg_nl":0.14306064306064306,"train_size":147936,"eval/fr_follows_either":0.8333333333333334,"_runtime":244,"train_samples_per_second":757.96,"train/loss":0.0005,"fr_train_samples":4438,"_step":2300,"nl_train_pct":97.00005407743889,"eval/fr_follows_fr":0.5708180708180708,"eval/samples_per_second":2559.149,"eval/nl_avg_fr":0,"_timestamp":1.7716222950989735e+09,"eval/loss":0.05096996740764405,"train/learning_rate":2.5399296167372132e-08,"train/global_step":2312,"total_flos":1.7909335719936e+14,"eval/tok_acc":0.9823390894819466}