{"_timestamp":1.7716316173300457e+09,"eval/fr_follows_nl":0,"test_size":29476,"eval/loss":0.0006638273409632022,"_step":2300,"_runtime":243,"_wandb":{"runtime":243},"eval/samples_per_second":2523.322,"train_samples_per_second":761.19,"train_size":147936,"eval/fr_follows_fr":1,"eval/nl_avg_fr":0,"eval/exact_match":0.9990842490842491,"val_size":3276,"train/loss":0.0006,"eval/loss_fr":0.00041712128978150967,"train/grad_norm":0.0026920654345303774,"train_steps_per_second":11.896,"train/learning_rate":2.5399296167372132e-08,"eval/fr_follows_either":1,"eval/nl_follows_nl":1,"eval/fr_avg_nl":0,"total_flos":1.7909335719936e+14,"eval/fr_avg_fr":1,"nl_train_samples":110952,"eval/nl_follows_either":1,"eval/tok_acc":0.999869178440607,"train/global_step":2312,"nl_train_pct":75,"eval/steps_per_second":157.9,"eval/nl_avg_nl":1,"train_runtime":194.3483,"fr_train_pct":25,"train_loss":0.18018372026678967,"train/epoch":1,"eval/runtime":1.2983,"eval/nl_follows_fr":0,"fr_train_samples":36984,"eval/loss_nl":0.0009105330529377963}