{"train/grad_norm":0.3000265657901764,"eval/samples_per_second":4623.099,"train/loss":0.2858,"_timestamp":1.7463471754600227e+09,"eval/runtime":1.1244,"_runtime":6290.030955698,"train_samples_per_second":2034.799,"train_steps_per_second":31.794,"_step":2200,"total_flos":1.9364236204032e+16,"eval/exact_match":0,"train/learning_rate":9.094464976655559e-11,"train_loss":0.29103445919036863,"_wandb":{"runtime":6291},"eval/token_accuracy":0,"train/epoch":615.3846153846154,"eval/steps_per_second":289.055,"train_runtime":6290.5484,"eval/loss":0.3664023280143738,"train/global_step":200000}