{"eval/nl_follows_nl":1,"eval/nl_follows_fr":0,"_step":4600,"eval/tok_acc":0.9958348779902741,"train/learning_rate":1.6720661708946595e-08,"train/global_step":4623,"eval/steps_per_second":159.329,"eval/nl_avg_fr":0,"total_flos":3.5818671439872e+14,"_timestamp":1.771636771819215e+09,"eval/loss":0.020424502376931015,"train_steps_per_second":7.753,"eval/loss_nl":0.025020840238627405,"train/grad_norm":0.0022613336332142353,"fr_train_samples":7396,"eval/fr_avg_nl":0,"eval/fr_follows_nl":0,"train_size":295872,"nl_train_samples":288476,"test_size":58953,"train_samples_per_second":496.16,"eval/samples_per_second":2545.771,"nl_train_pct":97.50027038719446,"train/loss":0.0002,"eval/loss_fr":0.015826761261311197,"eval/fr_follows_either":0.9093129770992366,"train/epoch":1,"_runtime":703,"_wandb":{"runtime":703},"fr_train_pct":2.4997296128055373,"eval/nl_follows_either":1,"eval/exact_match":0.9708441459319188,"eval/nl_avg_nl":1,"eval/runtime":2.5733,"val_size":6551,"train_runtime":596.3234,"eval/fr_follows_fr":0.9093129770992366,"train_loss":0.08110439996460701,"eval/fr_avg_fr":1}