{"eval/exact_match":0.9462677453823843,"_wandb":{"runtime":657},"eval/steps_per_second":162.598,"eval/nl_follows_nl":1,"eval/fr_follows_nl":0.29181929181929184,"eval/nl_follows_either":1,"train/loss":0.0002,"eval/loss_fr":0.044600896359909145,"val_size":6551,"eval/loss":0.023612242648663767,"eval/nl_follows_fr":0,"_timestamp":1.77164625022043e+09,"_step":4600,"train_steps_per_second":8.261,"eval/fr_follows_either":0.9532967032967034,"train/global_step":4623,"fr_train_pct":4.999797209604153,"nl_train_samples":281079,"train_samples_per_second":528.734,"train/grad_norm":0.0007261374848894775,"eval/nl_avg_nl":1,"train_runtime":559.5856,"train_loss":0.08315868294305685,"eval/runtime":2.5216,"total_flos":3.5818671439872e+14,"test_size":58953,"_runtime":657,"nl_train_pct":95.00020279039585,"eval/nl_avg_fr":0,"eval/fr_follows_fr":0.6614774114774115,"train/learning_rate":1.6720661708946595e-08,"eval/loss_nl":0.002617176802371689,"eval/tok_acc":0.9923239636260549,"eval/fr_avg_fr":0.8914835164835165,"train/epoch":1,"eval/samples_per_second":2598.002,"eval/fr_avg_nl":0.10851648351648352,"fr_train_samples":14793,"train_size":295872}