{"train/grad_norm":0.20822174847126007,"train/loss":0.293,"train_samples_per_second":63943.305,"eval/loss":0.2570417821407318,"train/global_step":6000,"train_steps_per_second":999.114,"eval/steps_per_second":291.079,"train_loss":0.3234062662124634,"eval/exact_match":0,"eval/token_accuracy":0,"_timestamp":1.7463395726249542e+09,"train/learning_rate":0.00019979876826701015,"train/epoch":18.46153846153846,"eval/runtime":1.1165,"total_flos":5.809311719424e+14,"_wandb":{"runtime":198},"eval/samples_per_second":4655.479,"train_runtime":200.1773,"_runtime":197.493739569,"_step":66}