{"train/loss":0.3097,"_wandb":{"runtime":205},"_timestamp":1.7463395810262651e+09,"train/global_step":6000,"eval/runtime":1.1204,"train_steps_per_second":968.822,"train_samples_per_second":62004.588,"total_flos":5.809311719424e+14,"eval/samples_per_second":4639.339,"train_runtime":206.4363,"train/grad_norm":0.20985262095928192,"eval/exact_match":0,"eval/loss":0.2580186128616333,"eval/token_accuracy":0,"train/epoch":18.46153846153846,"eval/steps_per_second":290.07,"_step":66,"_runtime":204.770498796,"train/learning_rate":0.00019979876826701015,"train_loss":0.34018546517690024}