{"train/learning_rate":2.5399296167372132e-08,"eval/tok_acc":0.9865689865689866,"eval/loss":0.04920494105207469,"train/grad_norm":0.0029368216637521982,"_timestamp":1.7716213865748606e+09,"eval/samples_per_second":2598.444,"eval/exact_match":0.905982905982906,"train/loss":0.0006,"total_flos":1.7909335719936e+14,"eval/loss_nl":0.0001475321947460794,"eval/fr_avg_fr":0.8724053724053724,"eval/nl_avg_nl":1,"eval/nl_avg_fr":0,"fr_train_pct":2.9999459225611074,"eval/fr_follows_nl":0.3626373626373626,"nl_train_pct":97.00005407743889,"eval/loss_fr":0.09826234976450603,"train_runtime":198.5451,"_wandb":{"runtime":266},"val_size":3276,"eval/fr_follows_either":0.9798534798534798,"eval/nl_follows_nl":1,"train/epoch":1,"_step":2300,"train_samples_per_second":745.1,"eval/nl_follows_either":1,"test_size":29476,"_runtime":266,"train/global_step":2312,"train_steps_per_second":11.645,"eval/nl_follows_fr":0,"train_loss":0.16340980998677068,"eval/fr_follows_fr":0.6172161172161172,"eval/fr_avg_nl":0.12759462759462759,"nl_train_samples":143498,"eval/runtime":1.2608,"eval/steps_per_second":162.601,"train_size":147936,"fr_train_samples":4438}