{
  "nl_exact": 0.014743589743589743,
  "nl_avg_fr": 0.03753205128205128,
  "nl_avg_nl": 0.9624679487179487,
  "nl_part_final": 0.7748076923076923,
  "nl_orientation": 0.045038461538461534,
  "nl_lexical_score": 0.03753205128205128,
  "nl_pct_expected_len": 1.0,
  "nl_verb_lang": 0.0,
  "nl_verb_choice": 0.0,
  "nl_aux_form": 0.0,
  "nl_det_lang": 1.0,
  "nl_det_agreement": 1.0,
  "nl_follows_fr": 0.0,
  "nl_follows_nl": 1.0,
  "nl_follows_either": 1.0,
  "nl_keeps_ablated": 0.2251923076923077,
  "nl_aux_matches_input": 1.0,
  "nl_aux_matches_verb": 0.7748076923076923,
  "fr_exact": 0.0,
  "fr_avg_fr": 0.854432408178963,
  "fr_avg_nl": 0.1455675918210371,
  "fr_part_final": 0.0,
  "fr_orientation": 0.8253188898147557,
  "fr_lexical_score": 0.854432408178963,
  "fr_pct_expected_len": 1.0,
  "fr_verb_lang": 0.0,
  "fr_verb_choice": 0.0,
  "fr_aux_form": 0.0,
  "fr_det_lang": 1.0,
  "fr_det_agreement": 1.0,
  "fr_follows_fr": 1.0,
  "fr_follows_nl": 0.0,
  "fr_follows_either": 1.0,
  "fr_keeps_ablated": 0.8734055509262226,
  "fr_aux_matches_input": 1.0,
  "fr_aux_matches_verb": 0.12659444907377732,
  "overall_exact": 0.007371558603890901,
  "overall_follows_structure": 1.0,
  "overall_keeps_ablated": 0.5493093170090703,
  "overall_lexical": 0.4459953206627993,
  "overall_pct_expected_len": 1.0
}