{
  "nl_exact": 0.0,
  "nl_avg_fr": 0.44458333333333333,
  "nl_avg_nl": 0.5554166666666666,
  "nl_part_final": 0.0,
  "nl_orientation": 0.4446324786324787,
  "nl_lexical_score": 0.44458333333333333,
  "nl_pct_expected_len": 1.0,
  "nl_verb_lang": 0.5116025641025641,
  "nl_verb_choice": 0.8011538461538461,
  "nl_aux_form": 0.5112179487179487,
  "nl_det_lang": 0.33275641025641023,
  "nl_det_agreement": 1.0,
  "nl_follows_fr": 0.4869230769230769,
  "nl_follows_nl": 0.3337820512820513,
  "nl_follows_either": 0.8207051282051282,
  "nl_keeps_ablated": 1.0,
  "nl_aux_matches_input": 0.33371794871794874,
  "nl_aux_matches_verb": 0.3532692307692308,
  "fr_exact": 0.0,
  "fr_avg_fr": 0.8333333333333335,
  "fr_avg_nl": 0.16666666666666663,
  "fr_part_final": 0.0,
  "fr_orientation": 0.9000000000000004,
  "fr_lexical_score": 0.8333333333333335,
  "fr_pct_expected_len": 1.0,
  "fr_verb_lang": 1.0,
  "fr_verb_choice": 1.0,
  "fr_aux_form": 0.9748734055509263,
  "fr_det_lang": 1.0,
  "fr_det_agreement": 1.0,
  "fr_follows_fr": 1.0,
  "fr_follows_nl": 0.0,
  "fr_follows_either": 1.0,
  "fr_keeps_ablated": 1.0,
  "fr_aux_matches_input": 1.0,
  "fr_aux_matches_verb": 1.0,
  "overall_exact": 0.0,
  "overall_follows_structure": 0.9103554373257268,
  "overall_keeps_ablated": 1.0,
  "overall_lexical": 0.6389645631016101,
  "overall_pct_expected_len": 1.0
}