{
  "nl_exact": 0.0,
  "nl_avg_fr": 0.6122435897435897,
  "nl_avg_nl": 0.3877564102564102,
  "nl_part_final": 0.0,
  "nl_orientation": 0.6346923076923078,
  "nl_lexical_score": 0.6122435897435897,
  "nl_pct_expected_len": 1.0,
  "nl_verb_lang": 0.07814102564102564,
  "nl_verb_choice": 0.9918589743589744,
  "nl_aux_form": 0.0,
  "nl_det_lang": 0.12826923076923077,
  "nl_det_agreement": 1.0,
  "nl_follows_fr": 0.8717307692307692,
  "nl_follows_nl": 0.12826923076923077,
  "nl_follows_either": 1.0,
  "nl_keeps_ablated": 1.0,
  "nl_aux_matches_input": 0.07814102564102564,
  "nl_aux_matches_verb": 0.08628205128205128,
  "fr_exact": 0.0,
  "fr_avg_fr": 0.6008161869965599,
  "fr_avg_nl": 0.39918381300344,
  "fr_part_final": 0.0,
  "fr_orientation": 0.6451295857103179,
  "fr_lexical_score": 0.6008161869965599,
  "fr_pct_expected_len": 1.0,
  "fr_verb_lang": 0.5572078712903019,
  "fr_verb_choice": 0.6036151528748157,
  "fr_aux_form": 0.0,
  "fr_det_lang": 0.5435549003269021,
  "fr_det_agreement": 1.0,
  "fr_follows_fr": 0.5572078712903019,
  "fr_follows_nl": 0.09999359015447727,
  "fr_follows_either": 0.6572014614447792,
  "fr_keeps_ablated": 1.0,
  "fr_aux_matches_input": 0.5572078712903019,
  "fr_aux_matches_verb": 0.6107941798602654,
  "overall_exact": 0.0,
  "overall_follows_structure": 0.8285952373321368,
  "overall_keeps_ablated": 1.0,
  "overall_lexical": 0.6065297052444901,
  "overall_pct_expected_len": 1.0
}