{"train/learning_rate":2.5399296167372132e-08,"val_size":3276,"eval/fr_avg_nl":0,"train_size":147936,"train_steps_per_second":12,"eval/nl_avg_fr":0,"train_samples_per_second":767.816,"fr_train_pct":84.99959441920831,"train/loss":0.0005,"eval/samples_per_second":2582.132,"eval/loss":0.057684169001922796,"test_size":29476,"eval/loss_fr":0.00015310833591089944,"_wandb":{"runtime":241},"_timestamp":1.7716474319510572e+09,"eval/fr_follows_either":1,"train/grad_norm":0.0035695412661880255,"eval/fr_follows_nl":0,"eval/fr_follows_fr":1,"total_flos":1.7909335719936e+14,"eval/steps_per_second":161.58,"train_runtime":192.671,"train_loss":0.1686083179260894,"fr_train_samples":125745,"nl_train_pct":15.000405580791693,"eval/tok_acc":0.9790249433106576,"eval/fr_avg_fr":1,"nl_train_samples":22191,"train/epoch":1,"eval/exact_match":0.8531746031746031,"eval/loss_nl":0.11521523581392454,"train/global_step":2312,"eval/nl_follows_nl":1,"_step":2300,"eval/nl_avg_nl":1,"eval/nl_follows_fr":0,"_runtime":241,"eval/nl_follows_either":1,"eval/runtime":1.2687}