{"train/grad_norm":0.00249870540574193,"eval/nl_follows_nl":1,"eval/loss":0.02471935987255837,"eval/nl_avg_nl":1,"eval/nl_follows_fr":0,"total_flos":1.7909335719936e+14,"train_runtime":191.4765,"eval/fr_avg_nl":0,"eval/runtime":1.2531,"test_size":29476,"eval/tok_acc":0.9962497819640677,"nl_train_samples":73968,"train_loss":0.18629091704698525,"eval/exact_match":0.9737484737484737,"train/learning_rate":2.5399296167372132e-08,"_runtime":240,"eval/nl_follows_either":1,"train/epoch":1,"eval/samples_per_second":2614.235,"eval/fr_follows_nl":0,"val_size":3276,"eval/fr_follows_fr":1,"train/loss":0.0006,"train_steps_per_second":12.075,"fr_train_pct":50,"_timestamp":1.7716376748804243e+09,"fr_train_samples":73968,"eval/loss_nl":0.04922306198986095,"eval/nl_avg_fr":0,"eval/fr_avg_fr":1,"train_samples_per_second":772.607,"_wandb":{"runtime":240},"_step":2300,"eval/fr_follows_either":1,"train/global_step":2312,"train_size":147936,"eval/steps_per_second":163.589,"eval/loss_fr":0.00021565830126354729,"nl_train_pct":50}