{"eval/fr_follows_fr":1,"eval/nl_follows_nl":1,"nl_train_pct":55.00013519359723,"_wandb":{"runtime":243},"eval/nl_follows_either":1,"eval/nl_avg_nl":1,"nl_train_samples":81365,"fr_train_pct":44.99986480640277,"_timestamp":1.7716359410700693e+09,"fr_train_samples":66571,"eval/fr_avg_fr":1,"train_loss":0.1863115057256556,"eval/samples_per_second":2605.66,"train_samples_per_second":764.19,"eval/fr_follows_nl":0,"train_runtime":193.5854,"eval/steps_per_second":163.053,"eval/nl_follows_fr":0,"train/grad_norm":0.002479758346453309,"eval/exact_match":0.9841269841269841,"eval/loss_fr":0.00023242473359656393,"eval/nl_avg_fr":0,"_runtime":243,"eval/fr_avg_nl":0,"_step":2300,"val_size":3276,"eval/tok_acc":0.9977324263038548,"train_steps_per_second":11.943,"total_flos":1.7909335719936e+14,"train/learning_rate":2.5399296167372132e-08,"train/loss":0.0006,"eval/runtime":1.2573,"train_size":147936,"eval/loss":0.019853772879100572,"eval/loss_nl":0.03947512158027808,"test_size":29476,"train/global_step":2312,"eval/fr_follows_either":1,"train/epoch":1}