{"eval/nl_follows_either":1,"eval/fr_avg_fr":0.9970492470492471,"train/epoch":1,"eval/fr_follows_either":0.6013431013431013,"train/learning_rate":2.5399296167372132e-08,"train_samples_per_second":764.38,"eval/nl_avg_fr":0,"eval/loss_nl":0.00014686850678535026,"nl_train_pct":97.00005407743889,"eval/nl_follows_nl":1,"eval/steps_per_second":160.939,"val_size":3276,"train/grad_norm":0.0030960452277213335,"eval/runtime":1.2738,"eval/fr_avg_nl":0.0029507529507529504,"fr_train_samples":4438,"_timestamp":1.7716225958989866e+09,"eval/nl_follows_fr":0,"nl_train_samples":143498,"_runtime":243,"train/global_step":2312,"eval/nl_avg_nl":1,"_wandb":{"runtime":243},"eval/exact_match":1,"eval/loss":0.0045566268496087985,"eval/fr_follows_fr":0.6013431013431013,"eval/loss_fr":0.008966385167415034,"fr_train_pct":2.9999459225611074,"train_steps_per_second":11.946,"total_flos":1.7909335719936e+14,"_step":2300,"train_runtime":193.5373,"eval/tok_acc":1,"eval/fr_follows_nl":0,"train/loss":0.0005,"test_size":29476,"train_size":147936,"train_loss":0.16088000630978397,"eval/samples_per_second":2571.89}