{"total_flos":5.809311719424e+14,"_runtime":253.131016512,"train/grad_norm":0.1777157038450241,"train/global_step":6000,"train/loss":0.1663,"_wandb":{"runtime":254},"eval/runtime":1.5636,"_step":66,"_timestamp":1.7462073989455645e+09,"eval/samples_per_second":3324.47,"eval/loss":0.2623399496078491,"train_steps_per_second":784.946,"train_samples_per_second":50236.554,"train/epoch":18.46153846153846,"eval/token_accuracy":0,"train_runtime":254.7945,"eval/exact_match":0,"train_loss":0.19577887916564943,"eval/steps_per_second":207.859,"train/learning_rate":0.00019979876826701015}