{"train/loss":0.1662,"train_samples_per_second":40812.988,"train/grad_norm":0.17685800790786743,"train/learning_rate":0.00019979876826701015,"eval/samples_per_second":2849.119,"train/epoch":18.46153846153846,"eval/runtime":1.8244,"eval/steps_per_second":178.138,"eval/loss":0.26128989458084106,"train_steps_per_second":637.703,"train/global_step":6000,"_runtime":311.888712316,"_timestamp":1.7463396935318754e+09,"total_flos":5.809311719424e+14,"eval/token_accuracy":0,"_wandb":{"runtime":313},"_step":66,"train_runtime":313.6256,"train_loss":0.19585238615671793,"eval/exact_match":0}