{"train/global_step":1000,"_wandb":{"runtime":42},"train/loss":0.2442,"train/grad_norm":0.2223539501428604,"_step":9,"_runtime":40.420774043,"train/learning_rate":9.99e-05,"train/epoch":3.076923076923077,"_timestamp":1.7462049615476215e+09}