{"eval/loss_fr":0.0011943801774123685,"eval/loss":0.0006690926177362356,"eval/fr_follows_either":0.9993894993894994,"eval/nl_follows_either":1,"train/loss":0.0005,"eval/loss_nl":0.000143803407190628,"eval/nl_follows_fr":0,"_wandb":{"runtime":244},"fr_train_pct":9.999594419208305,"test_size":29476,"eval/fr_avg_nl":0,"eval/nl_avg_nl":1,"train/learning_rate":2.5399296167372132e-08,"_step":2300,"val_size":3276,"eval/samples_per_second":2523.367,"train/grad_norm":0.003547745058313012,"train_steps_per_second":11.865,"eval/steps_per_second":157.903,"_runtime":244,"train_loss":0.16920397845362747,"eval/runtime":1.2983,"eval/tok_acc":1,"train_runtime":194.8663,"eval/nl_avg_fr":0,"train_samples_per_second":759.167,"train/epoch":1,"eval/nl_follows_nl":1,"train_size":147936,"total_flos":1.7909335719936e+14,"_timestamp":1.7716283986910253e+09,"nl_train_samples":133143,"eval/fr_follows_fr":0.9993894993894994,"fr_train_samples":14793,"train/global_step":2312,"eval/fr_follows_nl":0,"nl_train_pct":90.00040558079169,"eval/fr_avg_fr":1,"eval/exact_match":1}