{"train/global_step":200000,"eval/loss":0.3714420199394226,"eval/token_accuracy":0,"train_runtime":6267.5356,"train_samples_per_second":2042.27,"train/loss":0.1853,"train/epoch":615.3846153846154,"eval/samples_per_second":4627.679,"eval/steps_per_second":289.341,"train_loss":0.18967944847106932,"total_flos":1.9364236204032e+16,"eval/exact_match":0,"train/grad_norm":0.3147306442260742,"_wandb":{"runtime":6267},"_runtime":6266.934744374,"_step":2200,"_timestamp":1.7463471564099593e+09,"train_steps_per_second":31.91,"train/learning_rate":1.0423704194240103e-10,"eval/runtime":1.1232}