{"eval/loss_fr":0.00015907927302337196,"test_size":29476,"eval/exact_match":0.8650793650793651,"train/loss":0.0006,"_timestamp":1.771645713598849e+09,"eval/nl_avg_fr":0,"eval/fr_avg_fr":1,"eval/samples_per_second":2549.613,"eval/nl_avg_nl":1,"train/global_step":2312,"train/epoch":1,"eval/fr_follows_either":1,"eval/runtime":1.2849,"_runtime":242,"train_samples_per_second":767.645,"eval/tok_acc":0.9807256235827665,"val_size":3276,"train_steps_per_second":11.997,"eval/fr_follows_nl":0,"fr_train_samples":110952,"train_size":147936,"eval/nl_follows_either":1,"nl_train_pct":25,"nl_train_samples":36984,"eval/fr_avg_nl":0,"fr_train_pct":75,"train_runtime":192.7141,"_wandb":{"runtime":242},"train/learning_rate":2.5399296167372132e-08,"train/grad_norm":0.0021526950877159834,"eval/fr_follows_fr":1,"eval/loss":0.07058313058436791,"train_loss":0.1731146219314179,"eval/nl_follows_fr":0,"eval/loss_nl":0.1410071842727207,"eval/steps_per_second":159.545,"total_flos":1.7909335719936e+14,"_step":2300,"eval/nl_follows_nl":1}