{"eval/steps_per_second":164.777,"_timestamp":1.7716333396515317e+09,"nl_train_samples":103556,"eval/nl_follows_nl":1,"_step":2300,"eval/fr_avg_nl":0,"eval/exact_match":0.9978632478632479,"eval/nl_follows_either":1,"fr_train_pct":29.999459225611076,"test_size":29476,"eval/tok_acc":0.9996947496947497,"train_samples_per_second":779.276,"eval/fr_follows_fr":1,"train/loss":0.0005,"train_steps_per_second":12.179,"train/learning_rate":2.5399296167372132e-08,"fr_train_samples":44380,"train/epoch":1,"train/global_step":2312,"eval/fr_follows_nl":0,"eval/fr_avg_fr":1,"eval/loss_nl":0.0021862182115183026,"eval/fr_follows_either":1,"train_runtime":189.8378,"_wandb":{"runtime":238},"val_size":3276,"eval/runtime":1.2441,"eval/nl_avg_fr":0,"eval/nl_follows_fr":0,"nl_train_pct":70.00054077438892,"eval/loss_fr":0.0003420237180084941,"total_flos":1.7909335719936e+14,"_runtime":238,"train_size":147936,"train/grad_norm":0.0025346262846142054,"train_loss":0.18360282464684421,"eval/loss":0.0012641210761504028,"eval/nl_avg_nl":1,"eval/samples_per_second":2633.216}