{"eval/runtime":1.5877,"eval/loss":3.176786422729492,"eval/exact_match":0,"train/loss":0.3214,"_timestamp":1.7463594333026068e+09,"train_runtime":8451.6531,"train/global_step":200000,"train_steps_per_second":23.664,"_wandb":{"runtime":8450},"_step":2200,"eval/steps_per_second":204.693,"_runtime":8449.546552271,"train_loss":0.3235486884975433,"train/grad_norm":1025.821533203125,"eval/samples_per_second":3273.83,"total_flos":1.9364236204032e+16,"eval/token_accuracy":0,"train/epoch":615.3846153846154,"train_samples_per_second":1514.497,"train/learning_rate":9.309711104243946e-11}