{"train_steps_per_second":653.724,"train_loss":0.22938160760062082,"train/epoch":21.53846153846154,"train/grad_norm":0.1704471856355667,"_timestamp":1.7462074194581492e+09,"eval/loss":0.2565959095954895,"eval/samples_per_second":3173.15,"_runtime":305.335050632,"total_flos":6.777530339328e+14,"eval/exact_match":0,"train/learning_rate":0.00019968560332561718,"_wandb":{"runtime":306},"eval/steps_per_second":198.398,"train/loss":0.2032,"train_samples_per_second":41838.342,"train_runtime":305.9395,"eval/token_accuracy":0,"_step":77,"eval/runtime":1.6381,"train/global_step":7000}