{"fr_train_pct":0.9997566515249837,"eval/fr_avg_nl":0.08251933251933251,"eval/fr_follows_nl":0,"train_loss":0.08092767229140943,"train/global_step":4623,"train/loss":0.0001,"_wandb":{"runtime":679},"eval/loss_nl":3.9900071062067635e-05,"eval/nl_avg_nl":1,"fr_train_samples":2958,"_timestamp":1.7716234247758977e+09,"eval/steps_per_second":158.275,"nl_train_samples":292914,"test_size":58953,"train_steps_per_second":8.001,"train/epoch":1,"eval/fr_avg_fr":0.9174806674806676,"eval/samples_per_second":2528.93,"total_flos":3.5818671439872e+14,"eval/nl_follows_either":1,"eval/nl_follows_fr":0,"eval/tok_acc":0.8559434764594283,"nl_train_pct":99.00024334847501,"eval/fr_follows_fr":0.5494505494505495,"eval/runtime":2.5904,"eval/nl_follows_nl":1,"_runtime":679,"eval/exact_match":0.5028239963364372,"train/learning_rate":1.6720661708946595e-08,"eval/loss_fr":1.8393831619849572,"val_size":6551,"train_samples_per_second":512.091,"train/grad_norm":0.0003817340766545385,"train_runtime":577.7726,"eval/fr_follows_either":0.5494505494505495,"train_size":295872,"eval/loss":0.9198517173487728,"eval/nl_avg_fr":0,"_step":4600}