{"train/epoch":1,"eval/nl_follows_nl":0.9993894993894994,"train_steps_per_second":12.13,"eval/runtime":1.2373,"test_size":29476,"train_samples_per_second":776.122,"nl_train_pct":4.000378542072248,"eval/fr_avg_fr":1,"_step":2300,"train/learning_rate":2.5399296167372132e-08,"eval/fr_follows_nl":0,"eval/nl_avg_fr":0,"eval/nl_avg_nl":1,"train/global_step":2312,"eval/loss_fr":0.00014097883668244885,"val_size":3276,"eval/fr_follows_either":1,"eval/exact_match":0.793040293040293,"_wandb":{"runtime":239},"eval/fr_avg_nl":0,"train_loss":0.15732228403583098,"fr_train_samples":142018,"total_flos":1.7909335719936e+14,"eval/nl_follows_either":0.9993894993894994,"eval/loss_nl":0.11253817647841097,"_timestamp":1.771653171483005e+09,"eval/loss":0.056339624993985246,"eval/samples_per_second":2647.793,"fr_train_pct":95.99962145792776,"nl_train_samples":5918,"eval/fr_follows_fr":1,"train_size":147936,"train/loss":0.0005,"train/grad_norm":0.006361124571412802,"eval/nl_follows_fr":0,"eval/tok_acc":0.9704343275771847,"train_runtime":190.6093,"_runtime":239,"eval/steps_per_second":165.689}