{"fr_train_samples":66571,"eval/exact_match":0.9942002442002442,"_timestamp":1.7716368131610308e+09,"eval/tok_acc":0.9991714634571778,"nl_train_samples":81365,"train/global_step":2312,"eval/nl_avg_nl":1,"eval/nl_avg_fr":0,"fr_train_pct":44.99986480640277,"eval/fr_follows_nl":0,"_wandb":{"runtime":240},"train_samples_per_second":773.104,"eval/loss_fr":0.0002557641436884314,"train_steps_per_second":12.082,"train_runtime":191.3532,"eval/nl_follows_either":1,"eval/samples_per_second":2646.832,"test_size":29476,"train/learning_rate":2.5399296167372132e-08,"eval/fr_follows_either":1,"train/epoch":1,"eval/nl_follows_fr":0,"nl_train_pct":55.00013519359723,"eval/steps_per_second":165.629,"_step":2300,"train_size":147936,"eval/loss_nl":0.004018723133437436,"train/loss":0.0006,"eval/fr_avg_fr":1,"_runtime":240,"train_loss":0.18805400138740205,"eval/runtime":1.2377,"total_flos":1.7909335719936e+14,"eval/fr_follows_fr":1,"eval/loss":0.0021372439344518766,"train/grad_norm":0.0024563525803387165,"eval/nl_follows_nl":1,"val_size":3276,"eval/fr_avg_nl":0}