{"total_flos":1.7909335719936e+14,"eval/loss_fr":1.0178716479640304,"train_runtime":193.9192,"_runtime":243,"eval/nl_follows_nl":1,"_step":2300,"train_samples_per_second":762.875,"train_size":147936,"eval/tok_acc":0.9213762428048142,"eval/fr_follows_either":0.724053724053724,"val_size":3276,"eval/fr_avg_nl":0.15873015873015872,"train_loss":0.16298487145134657,"eval/exact_match":0.5332722832722833,"eval/nl_avg_fr":0,"nl_train_pct":98.00048669695003,"test_size":29476,"eval/steps_per_second":161.446,"eval/nl_follows_either":1,"_wandb":{"runtime":243},"fr_train_pct":1.9995133030499674,"eval/nl_follows_fr":0,"train/global_step":2312,"train/learning_rate":2.5399296167372132e-08,"eval/fr_follows_fr":0.49511599511599513,"eval/fr_follows_nl":0.22893772893772893,"_timestamp":1.7716187260301816e+09,"train_steps_per_second":11.922,"fr_train_samples":2958,"train/grad_norm":0.001371644320897758,"train/loss":0.0005,"eval/loss_nl":0.0001288456598527602,"eval/nl_avg_nl":1,"nl_train_samples":144978,"eval/fr_avg_fr":0.8412698412698413,"eval/runtime":1.2698,"train/epoch":1,"eval/samples_per_second":2579.979,"eval/loss":0.5090002417564392}