{"eval/steps_per_second":164.19,"eval/loss_fr":0.0002042276339194088,"eval/nl_follows_nl":1,"eval/nl_follows_fr":0,"train/global_step":2312,"_wandb":{"runtime":242},"nl_train_pct":45.000540774388924,"eval/exact_match":0.9587912087912088,"fr_train_pct":54.99945922561108,"eval/runtime":1.2486,"eval/loss":0.03380892232119564,"eval/samples_per_second":2623.843,"_runtime":242,"nl_train_samples":66572,"train_samples_per_second":766.848,"total_flos":1.7909335719936e+14,"eval/fr_follows_fr":1,"val_size":3276,"train/epoch":1,"_step":2300,"train_size":147936,"eval/nl_avg_nl":1,"test_size":29476,"train/grad_norm":0.002731770509853959,"eval/loss_nl":0.06741361716299936,"train_loss":0.18296728402140122,"eval/fr_avg_fr":1,"train/learning_rate":2.5399296167372132e-08,"_timestamp":1.771639391982891e+09,"train_steps_per_second":11.985,"eval/fr_follows_nl":0,"train_runtime":192.9144,"eval/fr_avg_nl":0,"train/loss":0.0006,"fr_train_samples":81364,"eval/nl_avg_fr":0,"eval/nl_follows_either":1,"eval/tok_acc":0.9941130298273155,"eval/fr_follows_either":1}