{"eval/nl_avg_nl":1,"eval/fr_follows_fr":1,"train_size":147936,"train_samples_per_second":767.289,"eval/nl_follows_fr":0,"eval/fr_avg_nl":0,"_step":2300,"_wandb":{"runtime":242},"eval/loss_nl":0.0647723618189785,"eval/fr_follows_either":1,"eval/nl_follows_either":1,"train_steps_per_second":11.991,"_timestamp":1.771645136245912e+09,"val_size":3276,"total_flos":1.7909335719936e+14,"eval/tok_acc":0.988487702773417,"eval/fr_avg_fr":1,"eval/samples_per_second":2573.238,"nl_train_samples":36984,"eval/loss":0.03246702581344989,"fr_train_samples":110952,"train/loss":0.0006,"eval/loss_fr":0.00016169096134268702,"eval/steps_per_second":161.024,"_runtime":242,"train/global_step":2312,"eval/fr_follows_nl":0,"eval/runtime":1.2731,"train_runtime":192.8036,"fr_train_pct":75,"test_size":29476,"eval/nl_follows_nl":1,"nl_train_pct":25,"eval/exact_match":0.9194139194139194,"train/grad_norm":0.0032205781899392605,"eval/nl_avg_fr":0,"train/learning_rate":2.5399296167372132e-08,"train/epoch":1,"train_loss":0.17473977868957608}