{"_timestamp":1.746340386451421e+09,"train_runtime":240.8721,"total_flos":6.777530339328e+14,"train/global_step":7000,"_wandb":{"runtime":241},"eval/exact_match":0,"eval/steps_per_second":286.026,"eval/token_accuracy":0,"train/loss":0.221,"train/epoch":21.53846153846154,"eval/loss":0.25653883814811707,"train_steps_per_second":830.316,"train/learning_rate":0.00019968560332561718,"_step":77,"eval/samples_per_second":4574.66,"train_samples_per_second":53140.236,"train_loss":0.24773226983206612,"train/grad_norm":0.17824044823646545,"_runtime":240.263889895,"eval/runtime":1.1363}