{"train_loss":0.1554600281373414,"eval/nl_follows_either":1,"test_size":29476,"train/global_step":2312,"fr_train_samples":147,"eval/fr_avg_fr":0.9750712250712251,"_runtime":238,"eval/steps_per_second":168.871,"train/epoch":1,"eval/runtime":1.2139,"eval/fr_follows_nl":0,"eval/loss":1.7044618137007959,"val_size":3276,"eval/samples_per_second":2698.648,"_timestamp":1.7716127941355038e+09,"nl_train_pct":99.90063270603504,"eval/tok_acc":0.7204343275771847,"train_steps_per_second":12.164,"eval/nl_follows_fr":0,"eval/loss_nl":0.00014926616953326541,"train_runtime":190.0762,"eval/exact_match":0.5,"_step":2300,"eval/nl_avg_nl":1,"_wandb":{"runtime":238},"fr_train_pct":0.09936729396495782,"nl_train_samples":147789,"eval/nl_avg_fr":0,"train_samples_per_second":778.298,"eval/nl_follows_nl":1,"train_size":147936,"eval/fr_avg_nl":0.024928774928774926,"train/loss":0.001,"train/grad_norm":0.0016096242470666766,"eval/fr_follows_either":0.40415140415140416,"eval/loss_fr":3.4087743133270116,"total_flos":1.7909335719936e+14,"eval/fr_follows_fr":0.40415140415140416,"train/learning_rate":2.5399296167372132e-08}