{"fr_train_pct":50,"train/epoch":1,"train_samples_per_second":773.428,"_runtime":240,"eval/nl_follows_either":1,"train_steps_per_second":12.087,"train_size":147936,"eval/fr_avg_fr":1,"val_size":3276,"train_runtime":191.2733,"_timestamp":1.7716385317031138e+09,"eval/nl_follows_nl":1,"eval/nl_avg_fr":0,"nl_train_pct":50,"train/grad_norm":0.0024308967404067516,"eval/fr_follows_fr":1,"total_flos":1.7909335719936e+14,"eval/nl_follows_fr":0,"eval/exact_match":0.9529914529914529,"eval/loss":0.03272369189923618,"eval/steps_per_second":160.746,"test_size":29476,"train/global_step":2312,"eval/runtime":1.2753,"train/learning_rate":2.5399296167372132e-08,"eval/samples_per_second":2568.802,"eval/fr_follows_nl":0,"fr_train_samples":73968,"eval/fr_avg_nl":0,"eval/tok_acc":0.9932844932844933,"train_loss":0.18294503303626586,"nl_train_samples":73968,"eval/fr_follows_either":1,"eval/nl_avg_nl":1,"eval/loss_nl":0.06523351749446202,"train/loss":0.0006,"eval/loss_fr":0.0002138649957771646,"_step":2300,"_wandb":{"runtime":240}}