{"eval/nl_follows_either":1,"train/grad_norm":0.005027647130191326,"train_loss":0.16412549565109558,"eval/samples_per_second":2610.387,"_wandb":{"runtime":243},"eval/loss_fr":0.07218916689629083,"fr_train_samples":3698,"train/epoch":1,"eval/fr_follows_fr":0.6507936507936508,"eval/fr_follows_nl":0.2625152625152625,"train_steps_per_second":11.949,"fr_train_pct":2.4997296128055373,"eval/fr_avg_fr":0.8935693935693935,"eval/nl_avg_nl":1,"eval/nl_follows_fr":0,"eval/fr_avg_nl":0.10643060643060642,"eval/tok_acc":0.9877027734170591,"eval/steps_per_second":163.348,"eval/nl_follows_nl":1,"train_runtime":193.4965,"train_samples_per_second":764.541,"_step":2300,"eval/loss_nl":0.00013060160049834882,"_timestamp":1.771620221871927e+09,"nl_train_samples":144238,"train/loss":0.0005,"val_size":3276,"eval/exact_match":0.9139194139194139,"_runtime":243,"eval/fr_follows_either":0.9133089133089133,"train/global_step":2312,"test_size":29476,"total_flos":1.7909335719936e+14,"eval/nl_avg_fr":0,"nl_train_pct":97.50027038719446,"eval/loss":0.0361598825425601,"train/learning_rate":2.5399296167372132e-08,"eval/runtime":1.255,"train_size":147936}