{"_runtime":239,"eval/tok_acc":0.9640240711669283,"total_flos":1.7909335719936e+14,"eval/runtime":1.2535,"eval/steps_per_second":163.545,"nl_train_samples":7397,"eval/loss_fr":0.00014101778821504,"train/global_step":2312,"eval/fr_follows_either":1,"train_size":147936,"eval/fr_follows_fr":1,"train/epoch":1,"eval/samples_per_second":2613.535,"train_steps_per_second":12.133,"eval/fr_avg_fr":1,"eval/nl_follows_nl":1,"eval/loss":0.08260334013837306,"eval/loss_nl":0.165065672389608,"fr_train_pct":94.99986480640277,"_timestamp":1.7716520336539283e+09,"nl_train_pct":5.000135193597231,"fr_train_samples":140539,"eval/fr_follows_nl":0,"val_size":3276,"train_runtime":190.5523,"train/learning_rate":2.5399296167372132e-08,"eval/fr_avg_nl":0,"eval/exact_match":0.7481684981684982,"_wandb":{"runtime":239},"eval/nl_follows_either":1,"eval/nl_follows_fr":0,"train/loss":0.0005,"_step":2300,"train/grad_norm":0.0025702808052301407,"train_samples_per_second":776.354,"eval/nl_avg_nl":1,"eval/nl_avg_fr":0,"test_size":29476,"train_loss":0.15918106281510344}