{"eval/loss_fr":0.00016911158205143044,"eval/nl_avg_fr":0,"eval/fr_avg_fr":1,"train/learning_rate":2.5399296167372132e-08,"eval/exact_match":0.9264346764346765,"test_size":29476,"fr_train_samples":103555,"train_loss":0.17979140564030727,"train_size":147936,"eval/loss":0.032128806474848316,"eval/nl_follows_either":1,"eval/fr_follows_nl":0,"train/epoch":1,"_step":2300,"train/loss":0.0006,"eval/runtime":1.2727,"eval/nl_follows_fr":0,"train_samples_per_second":765.243,"eval/fr_follows_fr":1,"eval/tok_acc":0.9894906680620966,"eval/fr_avg_nl":0,"train_steps_per_second":11.96,"train/grad_norm":0.002806359902024269,"eval/samples_per_second":2573.99,"eval/nl_avg_nl":1,"nl_train_pct":30.00013519359723,"val_size":3276,"fr_train_pct":69.99986480640277,"nl_train_samples":44381,"train_runtime":193.3191,"train/global_step":2312,"_wandb":{"runtime":242},"_runtime":242,"eval/steps_per_second":161.071,"eval/fr_follows_either":1,"eval/loss_nl":0.06408849908027603,"_timestamp":1.7716431238676944e+09,"eval/nl_follows_nl":1,"total_flos":1.7909335719936e+14}