{"train/epoch":18.46153846153846,"eval/token_accuracy":0,"_step":66,"train/loss":0.1485,"eval/steps_per_second":177.285,"eval/samples_per_second":2835.475,"_timestamp":1.7463396931751485e+09,"total_flos":5.809311719424e+14,"train_loss":0.1748887178103129,"_runtime":311.531939087,"train/grad_norm":0.17203710973262787,"train_runtime":313.2451,"train/global_step":6000,"eval/runtime":1.8332,"train/learning_rate":0.00019979876826701015,"train_steps_per_second":638.478,"train_samples_per_second":40862.573,"_wandb":{"runtime":312},"eval/loss":1.8579936027526855,"eval/exact_match":0}