{"eval/exact_match":0.9326820332773622,"train_loss":0.08246618270609715,"eval/samples_per_second":2611.187,"train_runtime":565.6169,"train_size":295872,"eval/runtime":2.5088,"eval/fr_follows_nl":0,"_timestamp":1.7716389835894148e+09,"val_size":6551,"eval/fr_avg_fr":0.9209401709401709,"_step":4600,"train/grad_norm":0.00078529492020607,"eval/tok_acc":0.9903831476110517,"_wandb":{"runtime":663},"train_steps_per_second":8.173,"train/epoch":1,"fr_train_samples":8876,"train/loss":0.0002,"eval/loss":0.039183391121215695,"eval/steps_per_second":163.423,"nl_train_pct":97.00005407743889,"eval/loss_nl":0.020589109091062627,"eval/fr_follows_fr":0.739010989010989,"_runtime":663,"eval/nl_avg_nl":1,"eval/nl_follows_nl":1,"eval/loss_fr":0.05777199504048688,"total_flos":3.5818671439872e+14,"train/learning_rate":1.6720661708946595e-08,"eval/fr_follows_either":0.739010989010989,"eval/fr_avg_nl":0.07905982905982906,"eval/nl_avg_fr":0,"eval/nl_follows_either":1,"test_size":58953,"fr_train_pct":2.9999459225611074,"train_samples_per_second":523.096,"eval/nl_follows_fr":0,"train/global_step":4623,"nl_train_samples":286996}