{"_wandb":{"runtime":241},"train_samples_per_second":768.209,"_runtime":241,"eval/nl_avg_nl":1,"fr_train_samples":29587,"eval/nl_avg_fr":0,"eval/fr_avg_nl":0,"eval/exact_match":1,"eval/samples_per_second":2585.148,"train/global_step":2312,"train/learning_rate":2.5399296167372132e-08,"nl_train_samples":118349,"test_size":29476,"eval/loss_fr":0.0005132603529492172,"eval/fr_follows_either":1,"train/epoch":1,"eval/tok_acc":1,"eval/loss_nl":0.00016532078334821162,"total_flos":1.7909335719936e+14,"eval/runtime":1.2672,"fr_train_pct":19.99986480640277,"_timestamp":1.7716313289723856e+09,"eval/loss":0.00033929131771449195,"train_loss":0.17460199386533187,"train_runtime":192.5727,"eval/nl_follows_nl":1,"train/grad_norm":0.0032373261637985706,"eval/fr_follows_nl":0,"train_steps_per_second":12.006,"eval/steps_per_second":161.769,"eval/fr_avg_fr":1,"eval/nl_follows_fr":0,"eval/nl_follows_either":1,"train/loss":0.0006,"_step":2300,"train_size":147936,"nl_train_pct":80.00013519359723,"val_size":3276,"eval/fr_follows_fr":1}