{"eval/fr_avg_fr":1,"eval/exact_match":0.9996947496947497,"train/learning_rate":2.5399296167372132e-08,"eval/fr_follows_nl":0,"train/global_step":2312,"eval/steps_per_second":161.843,"eval/nl_follows_either":1,"fr_train_samples":44380,"eval/fr_follows_fr":1,"total_flos":1.7909335719936e+14,"eval/samples_per_second":2586.328,"eval/loss":0.0005158169941983205,"_wandb":{"runtime":247},"nl_train_samples":103556,"eval/nl_avg_nl":1,"eval/nl_avg_fr":0,"train/epoch":1,"eval/loss_fr":0.0003573135578730832,"eval/fr_avg_nl":0,"train_samples_per_second":765.895,"test_size":29476,"eval/nl_follows_fr":0,"_runtime":247,"eval/nl_follows_nl":1,"eval/tok_acc":0.9999563928135357,"nl_train_pct":70.00054077438892,"train/grad_norm":0.002470415085554123,"eval/runtime":1.2667,"train_size":147936,"eval/fr_follows_either":1,"_step":2300,"train/loss":0.0005,"train_runtime":193.1543,"eval/loss_nl":0.0006743198588767097,"fr_train_pct":29.999459225611076,"train_loss":0.18467971751007983,"_timestamp":1.7716339120726986e+09,"train_steps_per_second":11.97,"val_size":3276}