{"eval/loss":0.2573530673980713,"_step":66,"eval/token_accuracy":0,"train/grad_norm":0.18000441789627075,"train/epoch":18.46153846153846,"eval/exact_match":0,"_runtime":310.227713364,"train_runtime":310.792,"train_samples_per_second":41185.1,"_wandb":{"runtime":312},"train/loss":0.1845,"train/learning_rate":0.00019979876826701015,"train/global_step":6000,"eval/samples_per_second":2863.413,"train_loss":0.21501128673553466,"train_steps_per_second":643.517,"eval/runtime":1.8153,"total_flos":5.809311719424e+14,"_timestamp":1.7463404566894555e+09,"eval/steps_per_second":179.032}