{"eval/fr_avg_nl":0,"train_samples_per_second":770.26,"val_size":3276,"eval/nl_avg_fr":0,"train/loss":0.0017,"_wandb":{"runtime":240},"eval/loss_nl":0.0001539154189240224,"fr_train_pct":0.09936729396495782,"eval/loss":1.5157278111711672,"nl_train_samples":147789,"total_flos":1.7909335719936e+14,"train_loss":0.1555005328199636,"_timestamp":1.771613368178434e+09,"eval/samples_per_second":2631.764,"fr_train_samples":147,"eval/runtime":1.2448,"_step":2300,"eval/nl_follows_fr":0,"eval/fr_follows_nl":0,"train_size":147936,"eval/fr_follows_either":0.4139194139194139,"train_steps_per_second":12.038,"train/global_step":2312,"eval/tok_acc":0.7343450200593058,"eval/exact_match":0.5,"eval/loss_fr":3.031301728389493,"eval/nl_follows_either":1,"train_runtime":192.0599,"eval/steps_per_second":164.686,"eval/nl_avg_nl":1,"_runtime":240,"train/learning_rate":2.5399296167372132e-08,"nl_train_pct":99.90063270603504,"train/grad_norm":0.001559352152980864,"eval/fr_follows_fr":0.4139194139194139,"train/epoch":1,"eval/nl_follows_nl":1,"eval/fr_avg_fr":1,"test_size":29476}