{"eval/loss_fr":0.0011960606668535477,"nl_train_samples":273682,"eval/nl_follows_fr":0,"eval/tok_acc":0.9988878470026387,"train_steps_per_second":7.876,"eval/exact_match":0.9922149290184704,"fr_train_pct":7.499864806402769,"nl_train_pct":92.50013519359723,"eval/nl_follows_either":1,"eval/fr_follows_nl":0,"train_loss":0.08484397124763592,"train/grad_norm":0.0014077657833695412,"val_size":6551,"eval/fr_follows_either":1,"eval/fr_follows_fr":1,"total_flos":3.5818671439872e+14,"eval/fr_avg_fr":1,"_wandb":{"runtime":696},"train_samples_per_second":504.055,"_runtime":696,"eval/runtime":2.4959,"train/loss":0.0002,"train/global_step":4623,"eval/nl_avg_fr":0,"eval/samples_per_second":2624.688,"eval/nl_avg_nl":1,"train/learning_rate":1.6720661708946595e-08,"fr_train_samples":22190,"_step":4600,"eval/steps_per_second":164.268,"train_size":295872,"test_size":58953,"_timestamp":1.7716513391090732e+09,"train_runtime":586.9834,"eval/nl_follows_nl":1,"eval/loss_nl":0.007744429219877556,"eval/fr_avg_nl":0,"eval/loss":0.004470744791131706,"train/epoch":1}