{"_timestamp":1.7716347938379965e+09,"val_size":3276,"fr_train_samples":59174,"eval/nl_follows_fr":0,"train/grad_norm":0.0024846734013408422,"eval/nl_avg_fr":0,"nl_train_samples":88762,"eval/loss_fr":0.00026130865924162686,"eval/nl_avg_nl":1,"eval/tok_acc":0.999607535321821,"eval/exact_match":0.9972527472527473,"_runtime":245,"train_size":147936,"train_steps_per_second":11.788,"eval/samples_per_second":2514.411,"total_flos":1.7909335719936e+14,"fr_train_pct":39.99972961280554,"eval/fr_avg_nl":0,"eval/nl_follows_nl":1,"train/loss":0.0006,"eval/steps_per_second":157.343,"train_samples_per_second":754.283,"train_runtime":196.128,"train/epoch":1,"eval/loss":0.0011420394813852846,"eval/loss_nl":0.0020227701837021825,"eval/fr_avg_fr":1,"nl_train_pct":60.00027038719446,"eval/fr_follows_either":1,"train/learning_rate":2.5399296167372132e-08,"_step":2300,"eval/fr_follows_nl":0,"train/global_step":2312,"train_loss":0.1864138662276925,"eval/fr_follows_fr":1,"test_size":29476,"eval/nl_follows_either":1,"eval/runtime":1.3029,"_wandb":{"runtime":245}}