{"eval/fr_avg_fr":0,"eval/fr_follows_either":0.7301587301587301,"eval/loss_nl":0.00014625296468012973,"eval/loss_fr":9.74338942424136,"_wandb":{"runtime":239},"eval/tok_acc":0.5714285714285714,"train_size":147936,"nl_train_pct":100,"train/grad_norm":0.001703200163319707,"train_samples_per_second":773.009,"eval/nl_follows_fr":0,"train_steps_per_second":12.081,"eval/fr_follows_fr":0,"train_runtime":191.3768,"eval/nl_avg_nl":1,"eval/runtime":1.229,"train/loss":0.0004,"eval/fr_follows_nl":0.7301587301587301,"train_loss":0.1534029285900398,"test_size":29476,"train/global_step":2312,"fr_train_pct":0,"eval/nl_follows_nl":1,"eval/nl_follows_either":1,"eval/fr_avg_nl":1,"total_flos":1.7909335719936e+14,"val_size":3276,"eval/exact_match":0.5,"eval/samples_per_second":2665.49,"train/learning_rate":2.5399296167372132e-08,"_step":2300,"_runtime":239,"eval/steps_per_second":166.797,"eval/loss":4.8717679645552305,"fr_train_samples":0,"eval/nl_avg_fr":0,"_timestamp":1.7716116441817808e+09,"train/epoch":1,"nl_train_samples":147936}