{"train/loss":0.0006,"train/learning_rate":2.5399296167372132e-08,"eval/nl_avg_fr":0,"eval/loss_nl":0.08653674587170719,"train/epoch":1,"eval/fr_follows_fr":1,"eval/fr_follows_either":1,"_runtime":239,"eval/tok_acc":0.9873103087388801,"eval/fr_avg_fr":1,"train_runtime":191.003,"eval/samples_per_second":2560.514,"eval/loss":0.043345982401096744,"eval/nl_avg_nl":1,"test_size":29476,"_timestamp":1.7716465711687005e+09,"eval/exact_match":0.9111721611721612,"train/grad_norm":0.003968905191868544,"_wandb":{"runtime":239},"eval/nl_follows_fr":0,"nl_train_pct":20.000540774388924,"eval/loss_fr":0.0001552205186172915,"nl_train_samples":29588,"eval/fr_avg_nl":0,"fr_train_samples":118348,"eval/steps_per_second":160.228,"val_size":3276,"fr_train_pct":79.99945922561108,"total_flos":1.7909335719936e+14,"train_loss":0.1713027418667618,"train_steps_per_second":12.105,"train_samples_per_second":774.522,"train/global_step":2312,"_step":2300,"eval/fr_follows_nl":0,"eval/runtime":1.2794,"eval/nl_follows_nl":1,"eval/nl_follows_either":1,"train_size":147936}