{"test_size":29476,"eval/loss":0.04789289645736944,"eval/nl_avg_fr":0,"eval/samples_per_second":2511.145,"train_loss":0.17605416893968714,"eval/fr_follows_nl":0,"train/loss":0.0006,"eval/nl_follows_nl":1,"val_size":3276,"eval/runtime":1.3046,"_wandb":{"runtime":241},"eval/loss_nl":0.09562238908949353,"train/grad_norm":0.002959164557978511,"eval/fr_avg_fr":1,"eval/fr_follows_fr":1,"fr_train_samples":110952,"train_runtime":192.2535,"train/global_step":2312,"eval/nl_follows_fr":0,"total_flos":1.7909335719936e+14,"train_size":147936,"eval/nl_follows_either":1,"nl_train_pct":25,"eval/fr_follows_either":1,"eval/steps_per_second":157.138,"train_steps_per_second":12.026,"eval/fr_avg_nl":0,"nl_train_samples":36984,"eval/nl_avg_nl":1,"eval/loss_fr":0.00016340566392159556,"_step":2300,"_runtime":241,"_timestamp":1.7716445597654395e+09,"train_samples_per_second":769.484,"train/learning_rate":2.5399296167372132e-08,"eval/exact_match":0.8904151404151404,"train/epoch":1,"fr_train_pct":75,"eval/tok_acc":0.9843450200593058}