{"train_steps_per_second":12.169,"train/loss":0.0005,"eval/nl_follows_either":0.9987789987789988,"total_flos":1.7909335719936e+14,"_wandb":{"runtime":239},"train/grad_norm":0.001357245841063559,"eval/samples_per_second":2621.923,"fr_train_samples":140539,"train/global_step":2312,"eval/fr_follows_either":1,"fr_train_pct":94.99986480640277,"eval/loss_nl":0.16461106127762531,"eval/runtime":1.2495,"eval/steps_per_second":164.07,"train_samples_per_second":778.673,"train_size":147936,"_timestamp":1.7716528873656535e+09,"eval/fr_follows_nl":0,"test_size":29476,"eval/nl_avg_nl":1,"val_size":3276,"nl_train_pct":5.000135193597231,"eval/exact_match":0.7735042735042735,"_step":2300,"train_runtime":189.9848,"eval/loss":0.08237512577074933,"nl_train_samples":7397,"_runtime":239,"eval/tok_acc":0.9676434676434676,"eval/nl_follows_fr":0,"eval/fr_follows_fr":1,"eval/fr_avg_nl":0,"eval/nl_follows_nl":0.9987789987789988,"train/epoch":1,"eval/loss_fr":0.00013919046100826596,"train_loss":0.15569659994426102,"eval/nl_avg_fr":0,"train/learning_rate":2.5399296167372132e-08,"eval/fr_avg_fr":1}