{"eval/tok_acc":0.9933281004709577,"eval/loss_nl":0.00013960425637353106,"eval/samples_per_second":2578.823,"fr_train_pct":3.999702574086091,"eval/fr_follows_either":0.3956043956043956,"nl_train_samples":142019,"eval/loss":0.02118738845300034,"train/global_step":2312,"eval/fr_avg_nl":0.18030118030118034,"nl_train_pct":96.0002974259139,"train_steps_per_second":11.888,"_timestamp":1.7716231744661334e+09,"fr_train_samples":5917,"eval/exact_match":0.9532967032967034,"eval/loss_fr":0.042235170637731585,"eval/nl_avg_nl":1,"_step":2300,"train_size":147936,"eval/fr_follows_fr":0.28083028083028083,"eval/nl_follows_fr":0,"val_size":3276,"_runtime":244,"train/grad_norm":0.0032538985833525658,"eval/steps_per_second":161.373,"train_loss":0.1659408228942773,"eval/nl_follows_either":1,"train/epoch":1,"test_size":29476,"eval/nl_follows_nl":1,"train/loss":0.0005,"total_flos":1.7909335719936e+14,"eval/fr_avg_fr":0.8196988196988197,"_wandb":{"runtime":244},"train_runtime":194.4766,"train/learning_rate":2.5399296167372132e-08,"train_samples_per_second":760.688,"eval/runtime":1.2703,"eval/nl_avg_fr":0,"eval/fr_follows_nl":0.11477411477411477}