{"_step":9,"train/learning_rate":9.99e-05,"_runtime":40.14366092,"train/loss":0.2089,"_wandb":{"runtime":42},"train/global_step":1000,"_timestamp":1.7462049612745154e+09,"train/grad_norm":0.2052036076784134,"train/epoch":3.076923076923077}